Nome,Season,Age,Squad,Country,Comp,LgRank,MP,Starts,Min,90s,Gls,Ast,G+A,G-PK,PK,PKatt,CrdY,CrdR,Gls_1,Ast_1,G+A_1,G-PK_1,G+A-PK,Matches
Alex Sandro,2011-2012,20,Porto,pt POR,1. Primeira Liga,1st,7,4,415,4.6,1,0,1,1,0,0,2,0,0.22,0.00,0.22,0.22,0.22,Matches
Alex Sandro,2012-2013,21,Porto,pt POR,1. Primeira Liga,1st,25,24,"2,148",23.9,1,2,3,1,0,0,6,0,0.04,0.08,0.13,0.04,0.13,Matches
Alex Sandro,2013-2014,22,Porto,pt POR,1. Primeira Liga,3rd,26,26,"2,294",25.5,0,2,2,0,0,0,13,0,0.00,0.08,0.08,0.00,0.08,Matches
Alex Sandro,2014-2015,23,Porto,pt POR,1. Primeira Liga,2nd,28,28,"2,506",27.8,1,3,4,1,0,0,9,1,0.04,0.11,0.14,0.04,0.14,Matches
Alex Sandro,2015-2016,24,Porto,pt POR,1. Primeira Liga,3rd,1,1,90,1.0,0,0,0,0,0,0,0,0,0.00,0.00,0.00,0.00,0.00,Matches
Alex Sandro,2015-2016,24,Juventus,it ITA,1. Serie A,1st,22,15,"1,501",16.7,2,3,5,2,0,0,7,1,0.12,0.18,0.30,0.12,0.30,Matches
Alex Sandro,2016-2017,25,Juventus,it ITA,1. Serie A,1st,27,25,"2,312",25.7,3,4,7,3,0,0,5,0,0.12,0.16,0.27,0.12,0.27,Matches
Alex Sandro,2017-2018,26,Juventus,it ITA,1. Serie A,1st,26,23,"2,117",23.5,4,3,7,4,0,0,8,0,0.17,0.13,0.30,0.17,0.30,Matches
Alex Sandro,2018-2019,27,Juventus,it ITA,1. Serie A,1st,31,28,"2,387",26.5,1,2,3,1,0,0,7,0,0.04,0.08,0.11,0.04,0.11,Matches
Alex Sandro,2019-2020,28,Juventus,it ITA,1. Serie A,1st,29,27,"2,385",26.5,1,3,4,1,0,0,4,0,0.04,0.11,0.15,0.04,0.15,Matches
Alex Sandro,2020-2021,29,Juventus,it ITA,1. Serie A,4th,26,20,"1,858",20.6,2,1,3,2,0,0,2,0,0.10,0.05,0.15,0.10,0.15,Matches
Alex Sandro,2021-2022,30,Juventus,it ITA,1. Serie A,4th,28,17,"1,780",19.8,0,1,1,0,0,0,3,0,0.00,0.05,0.05,0.00,0.05,Matches
Alex Sandro,2022-2023,31,Juventus,it ITA,1. Serie A,7th,25,21,"1,787",19.9,0,1,1,0,0,0,5,1,0.00,0.05,0.05,0.00,0.05,Matches
Alex Sandro,2023-2024,32,Juventus,it ITA,1. Serie A,3rd,16,8,721,8.0,1,0,1,1,0,0,1,0,0.12,0.00,0.12,0.12,0.12,Matches
Alex Sandro,2024,33,Flamengo,br BRA,1. Série A,3rd,8,5,512,5.7,0,1,1,0,0,0,1,0,0.00,0.18,0.18,0.00,0.18,Matches
Alex Sandro,2025,34,Flamengo,br BRA,1. Série A,1st,20,19,"1,544",17.2,0,0,0,0,0,0,4,0,0.00,0.00,0.00,0.00,0.00,Matches
Alex Sandro,2026,35,Flamengo,br BRA,1. Série A,2nd,12,12,975,10.8,0,0,0,0,0,0,3,0,0.00,0.00,0.00,0.00,0.00,Matches
Alexsandro Ribeiro,2022-2023,22,Lille,fr FRA,1. Ligue 1,5th,21,16,"1,612",17.9,3,0,3,3,0,0,4,0,0.17,0.00,0.17,0.17,0.17,Matches
Alexsandro Ribeiro,2023-2024,23,Lille,fr FRA,1. Ligue 1,4th,29,24,"2,220",24.7,0,0,0,0,0,0,6,1,0.00,0.00,0.00,0.00,0.00,Matches
Alexsandro Ribeiro,2024-2025,24,Lille,fr FRA,1. Ligue 1,5th,30,30,"2,700",30.0,1,1,2,1,0,0,10,0,0.03,0.03,0.07,0.03,0.07,Matches
Alexsandro Ribeiro,2025-2026,25,Lille,fr FRA,1. Ligue 1,3rd,9,7,509,5.7,0,0,0,0,0,0,0,1,0.00,0.00,0.00,0.00,0.00,Matches
Alisson,2014,21,Internacional,br BRA,1. Série A,3rd,11,11,990,11.0,0,0,0,0,0,0,1,0,0.00,0.00,0.00,0.00,0.00,Matches
Alisson,2015,22,Internacional,br BRA,1. Série A,5th,26,26,"2,265",25.2,0,0,0,0,0,0,3,0,0.00,0.00,0.00,0.00,0.00,Matches
Alisson,2016,23,Internacional,br BRA,1. Série A,17th,1,1,90,1.0,0,0,0,0,0,0,0,0,0.00,0.00,0.00,0.00,0.00,Matches
Alisson,2016-2017,23,Roma,it ITA,1. Serie A,2nd,0,0,,,,,,,,,,,,,,,,Matches
Alisson,2017-2018,24,Roma,it ITA,1. Serie A,3rd,37,37,"3,330",37.0,0,0,0,0,0,0,1,0,0.00,0.00,0.00,0.00,0.00,Matches
Alisson,2018-2019,25,Liverpool,eng ENG,1. Premier League,2nd,38,38,"3,420",38.0,0,0,0,0,0,0,1,0,0.00,0.00,0.00,0.00,0.00,Matches
Alisson,2019-2020,26,Liverpool,eng ENG,1. Premier League,1st,29,29,"2,543",28.3,0,1,1,0,0,0,0,1,0.00,0.04,0.04,0.00,0.04,Matches
Alisson,2020-2021,27,Liverpool,eng ENG,1. Premier League,3rd,33,33,"2,970",33.0,1,0,1,1,0,0,1,0,0.03,0.00,0.03,0.03,0.03,Matches
Alisson,2021-2022,28,Liverpool,eng ENG,1. Premier League,2nd,36,36,"3,240",36.0,0,1,1,0,0,0,0,0,0.00,0.03,0.03,0.00,0.03,Matches
Alisson,2022-2023,29,Liverpool,eng ENG,1. Premier League,5th,37,37,"3,330",37.0,0,1,1,0,0,0,1,0,0.00,0.03,0.03,0.00,0.03,Matches
Alisson,2023-2024,30,Liverpool,eng ENG,1. Premier League,3rd,28,28,"2,520",28.0,0,0,0,0,0,0,1,0,0.00,0.00,0.00,0.00,0.00,Matches
Alisson,2024-2025,31,Liverpool,eng ENG,1. Premier League,1st,28,28,"2,508",27.9,0,0,0,0,0,0,0,0,0.00,0.00,0.00,0.00,0.00,Matches
Alisson,2025-2026,32,Liverpool,eng ENG,1. Premier League,5th,25,25,"2,250",25.0,0,0,0,0,0,0,1,0,0.00,0.00,0.00,0.00,0.00,Matches
Andreas Pereira,2014-2015,18,Manchester Utd,eng ENG,1. Premier League,4th,1,0,14,0.2,0,0,0,0,0,0,0,0,0.00,0.00,0.00,0.00,0.00,Matches
Andreas Pereira,2015-2016,19,Manchester Utd,eng ENG,1. Premier League,5th,4,0,84,0.9,0,0,0,0,0,0,2,0,0.00,0.00,0.00,0.00,0.00,Matches
Andreas Pereira,2016-2017,20,Granada,es ESP,1. La Liga,20th,35,34,"2,819",31.3,5,3,8,5,0,0,10,1,0.16,0.10,0.26,0.16,0.26,Matches
Andreas Pereira,2017-2018,21,Valencia,es ESP,1. La Liga,4th,23,12,"1,078",12.0,1,3,4,1,0,0,5,0,0.08,0.25,0.33,0.08,0.33,Matches
Andreas Pereira,2018-2019,22,Manchester Utd,eng ENG,Jr. PL2 — Div. 2,6th,1,1,45,0.5,0,0,0,0,0,0,0,0,0.00,0.00,0.00,0.00,0.00,Matches
Andreas Pereira,2018-2019,22,Manchester Utd,eng ENG,1. Premier League,6th,15,6,599,6.7,1,1,2,1,0,0,5,0,0.15,0.15,0.30,0.15,0.30,Matches
Andreas Pereira,2019-2020,23,Manchester Utd,eng ENG,1. Premier League,3rd,25,18,"1,484",16.5,1,3,4,1,0,0,3,0,0.06,0.18,0.24,0.06,0.24,Matches
Andreas Pereira,2020-2021,24,Lazio,it ITA,1. Serie A,6th,26,3,543,6.0,1,2,3,1,0,0,7,1,0.17,0.33,0.50,0.17,0.50,Matches
Andreas Pereira,2021,25,Flamengo,br BRA,1. Série A,2nd,18,16,"1,383",15.4,5,1,6,5,0,0,3,0,0.33,0.07,0.39,0.33,0.39,Matches
Andreas Pereira,2021-2022,25,Manchester Utd,eng ENG,1. Premier League,6th,0,0,,,,,,,,,,,,,,,,Matches
Andreas Pereira,2022,26,Flamengo,br BRA,1. Série A,5th,13,9,792,8.8,2,1,3,2,0,0,2,0,0.23,0.11,0.34,0.23,0.34,Matches
Andreas Pereira,2022-2023,26,Fulham,eng ENG,1. Premier League,10th,33,33,"2,692",29.9,4,6,10,3,1,1,8,0,0.13,0.20,0.33,0.10,0.30,Matches
Andreas Pereira,2023-2024,27,Fulham,eng ENG,1. Premier League,13th,37,34,"2,613",29.0,3,7,10,3,0,0,6,0,0.10,0.24,0.34,0.10,0.34,Matches
Andreas Pereira,2024-2025,28,Fulham,eng ENG,1. Premier League,11th,33,25,"2,013",22.4,2,4,6,2,0,1,7,0,0.09,0.18,0.27,0.09,0.27,Matches
Andreas Pereira,2025,29,Palmeiras,br BRA,1. Série A,2nd,15,11,"1,005",11.2,2,0,2,2,0,0,4,1,0.18,0.00,0.18,0.18,0.18,Matches
Andreas Pereira,2025-2026,29,Fulham,eng ENG,1. Premier League,13th,0,0,,,,,,,,,,,,,,,,Matches
Andreas Pereira,2026,30,Palmeiras,br BRA,1. Série A,1st,16,16,"1,247",13.9,1,9,10,1,0,0,2,0,0.07,0.65,0.72,0.07,0.72,Matches
Andrey Santos,2021,16,Vasco da Gama,br BRA,2. Série B,10th,1,0,45,0.5,0,0,0,0,0,0,0,0,0.00,0.00,0.00,0.00,0.00,Matches
Andrey Santos,2022,17,Vasco da Gama,br BRA,2. Série B,4th,33,33,"2,825",31.4,8,0,8,8,0,0,9,1,0.25,0.00,0.25,0.25,0.25,Matches
Andrey Santos,2023,18,Vasco da Gama,br BRA,1. Série A,15th,6,6,421,4.7,1,0,1,1,0,0,3,0,0.21,0.00,0.21,0.21,0.21,Matches
Andrey Santos,2023-2024,19,Chelsea,eng ENG,1. Premier League,6th,0,0,,,,,,,,,,,,,,,,Matches
Andrey Santos,2023-2024,19,Nottingham Forest,eng ENG,1. Premier League,17th,1,0,8,0.1,0,0,0,0,0,0,0,0,0.00,0.00,0.00,0.00,0.00,Matches
Andrey Santos,2023-2024,19,Strasbourg,fr FRA,1. Ligue 1,13th,11,9,831,9.2,1,0,1,1,0,0,4,0,0.11,0.00,0.11,0.11,0.11,Matches
Andrey Santos,2024-2025,20,Strasbourg,fr FRA,1. Ligue 1,7th,32,32,"2,855",31.7,10,3,13,10,0,0,8,0,0.32,0.09,0.41,0.32,0.41,Matches
Andrey Santos,2025-2026,21,Chelsea,eng ENG,1. Premier League,8th,27,13,"1,260",14.0,1,0,1,1,0,0,4,0,0.07,0.00,0.07,0.07,0.07,Matches
Antony,2018,17,São Paulo,br BRA,1. Série A,5th,3,0,46,0.5,0,0,0,0,0,0,1,0,0.00,0.00,0.00,0.00,0.00,Matches
Antony,2019,18,São Paulo,br BRA,1. Série A,6th,29,27,"2,379",26.4,4,6,10,4,0,0,5,1,0.15,0.23,0.38,0.15,0.38,Matches
Antony,2020-2021,20,Ajax,nl NED,1. Eredivisie,1st,32,24,"1,762",19.6,9,8,17,9,0,0,2,0,0.46,0.41,0.87,0.46,0.87,Matches
Antony,2021-2022,21,Ajax,nl NED,1. Eredivisie,1st,23,21,"1,724",19.2,8,4,12,8,0,0,5,1,0.42,0.21,0.63,0.42,0.63,Matches
Antony,2022-2023,22,Ajax,nl NED,1. Eredivisie,3rd,2,2,180,2.0,1,2,3,1,0,0,0,0,0.50,1.00,1.50,0.50,1.50,Matches
Antony,2022-2023,22,Manchester Utd,eng ENG,1. Premier League,3rd,25,23,"1,802",20.0,4,2,6,4,0,0,5,0,0.20,0.10,0.30,0.20,0.30,Matches
Antony,2023-2024,23,Manchester Utd,eng ENG,1. Premier League,8th,29,15,"1,324",14.7,1,1,2,1,0,0,5,0,0.07,0.07,0.14,0.07,0.14,Matches
Antony,2024-2025,24,Manchester Utd,eng ENG,1. Premier League,15th,8,0,141,1.6,0,0,0,0,0,0,0,0,0.00,0.00,0.00,0.00,0.00,Matches
Antony,2024-2025,24,Real Betis,es ESP,1. La Liga,6th,17,15,"1,362",15.1,5,2,7,5,0,0,2,1,0.33,0.13,0.46,0.33,0.46,Matches
Antony,2025-2026,25,Real Betis,es ESP,1. La Liga,5th,31,29,"2,357",26.2,8,6,14,8,0,0,5,1,0.31,0.23,0.53,0.31,0.53,Matches
Bento,2020,20,Athletico Paranaense,br BRA,1. Série A,9th,1,1,90,1.0,0,0,0,0,0,0,0,0,0.00,0.00,0.00,0.00,0.00,Matches
Bento,2021,21,Athletico Paranaense,br BRA,1. Série A,14th,9,9,810,9.0,0,0,0,0,0,0,1,0,0.00,0.00,0.00,0.00,0.00,Matches
Bento,2022,22,Athletico Paranaense,br BRA,1. Série A,6th,33,33,"2,970",33.0,0,0,0,0,0,0,3,0,0.00,0.00,0.00,0.00,0.00,Matches
Bento,2023,23,Athletico Paranaense,br BRA,1. Série A,8th,33,33,"2,970",33.0,0,1,1,0,0,0,3,0,0.00,0.03,0.03,0.00,0.03,Matches
Bento,2024,24,Athletico Paranaense,br BRA,1. Série A,17th,7,7,630,7.0,0,0,0,0,0,0,1,0,0.00,0.00,0.00,0.00,0.00,Matches
Bento,2024-2025,25,Al-Nassr,sa KSA,1. Pro League,3rd,34,34,"3,060",34.0,0,0,0,0,0,0,2,0,0.00,0.00,0.00,0.00,0.00,Matches
Bento,2025-2026,26,Al-Nassr,sa KSA,1. Pro League,1st,21,21,"1,890",21.0,0,0,0,0,0,0,0,0,0.00,0.00,0.00,0.00,0.00,Matches
Bremer,2017,19,Atlético Mineiro,br BRA,1. Série A,9th,12,10,"1,012",11.2,0,0,0,0,0,0,4,0,0.00,0.00,0.00,0.00,0.00,Matches
Bremer,2018,20,Atlético Mineiro,br BRA,1. Série A,6th,11,9,855,9.5,1,0,1,1,0,0,2,0,0.11,0.00,0.11,0.11,0.11,Matches
Bremer,2018-2019,21,Torino,it ITA,1. Serie A,7th,5,2,183,2.0,0,0,0,0,0,0,1,0,0.00,0.00,0.00,0.00,0.00,Matches
Bremer,2019-2020,22,Torino,it ITA,1. Serie A,16th,27,27,"2,270",25.2,3,1,4,3,0,0,6,2,0.12,0.04,0.16,0.12,0.16,Matches
Bremer,2020-2021,23,Torino,it ITA,1. Serie A,17th,33,33,"2,935",32.6,5,0,5,5,0,0,2,0,0.15,0.00,0.15,0.15,0.15,Matches
Bremer,2021-2022,24,Torino,it ITA,1. Serie A,10th,33,33,"2,890",32.1,3,1,4,3,0,0,7,0,0.09,0.03,0.12,0.09,0.12,Matches
Bremer,2022-2023,25,Juventus,it ITA,1. Serie A,7th,30,30,"2,634",29.3,4,1,5,4,0,0,6,0,0.14,0.03,0.17,0.14,0.17,Matches
Bremer,2023-2024,26,Juventus,it ITA,1. Serie A,3rd,36,36,"3,233",35.9,3,0,3,3,0,0,9,0,0.08,0.00,0.08,0.08,0.08,Matches
Bremer,2024-2025,27,Juventus,it ITA,1. Serie A,4th,6,6,540,6.0,0,0,0,0,0,0,2,0,0.00,0.00,0.00,0.00,0.00,Matches
Bremer,2025-2026,28,Juventus,it ITA,1. Serie A,6th,26,25,"2,171",24.1,4,3,7,4,0,0,5,0,0.17,0.12,0.29,0.17,0.29,Matches
Bruno Guimarães,2017,19,Athletico Paranaense,br BRA,1. Série A,11th,4,0,75,0.8,0,0,0,0,0,0,2,0,0.00,0.00,0.00,0.00,0.00,Matches
Bruno Guimarães,2018,20,Athletico Paranaense,br BRA,1. Série A,7th,32,21,"1,953",21.7,1,1,2,1,0,0,6,0,0.05,0.05,0.09,0.05,0.09,Matches
Bruno Guimarães,2019,21,Athletico Paranaense,br BRA,1. Série A,5th,25,23,"1,963",21.8,2,1,3,2,0,0,4,0,0.09,0.05,0.14,0.09,0.14,Matches
Bruno Guimarães,2019-2020,21,Lyon,fr FRA,1. Ligue 1,7th,3,3,270,3.0,0,0,0,0,0,0,1,0,0.00,0.00,0.00,0.00,0.00,Matches
Bruno Guimarães,2020-2021,22,Lyon,fr FRA,1. Ligue 1,4th,33,21,"1,754",19.5,3,1,4,2,1,1,6,0,0.15,0.05,0.21,0.10,0.15,Matches
Bruno Guimarães,2021-2022,23,Lyon,fr FRA,1. Ligue 1,8th,20,19,"1,634",18.2,0,3,3,0,0,0,2,0,0.00,0.17,0.17,0.00,0.17,Matches
Bruno Guimarães,2021-2022,23,Newcastle United,eng ENG,1. Premier League,11th,17,11,"1,034",11.5,5,1,6,5,0,0,4,0,0.44,0.09,0.52,0.44,0.52,Matches
Bruno Guimarães,2022-2023,24,Newcastle United,eng ENG,1. Premier League,4th,32,32,"2,726",30.3,4,5,9,4,0,0,7,0,0.13,0.17,0.30,0.13,0.30,Matches
Bruno Guimarães,2023-2024,25,Newcastle United,eng ENG,1. Premier League,7th,37,37,"3,263",36.3,7,8,15,7,0,0,9,0,0.19,0.22,0.41,0.19,0.41,Matches
Bruno Guimarães,2024-2025,26,Newcastle United,eng ENG,1. Premier League,5th,38,38,"3,271",36.3,5,6,11,5,0,0,7,0,0.14,0.17,0.30,0.14,0.30,Matches
Bruno Guimarães,2025-2026,27,Newcastle United,eng ENG,1. Premier League,11th,28,26,"2,388",26.5,9,5,14,7,2,2,5,0,0.34,0.19,0.53,0.26,0.45,Matches
Carlos Augusto,2018,19,Corinthians,br BRA,1. Série A,13th,7,7,630,7.0,0,0,0,0,0,0,1,0,0.00,0.00,0.00,0.00,0.00,Matches
Carlos Augusto,2019,20,Corinthians,br BRA,1. Série A,8th,15,13,"1,200",13.3,1,0,1,1,0,0,2,0,0.07,0.00,0.07,0.07,0.07,Matches
Carlos Augusto,2020-2021,21,Monza,it ITA,2. Serie B,3rd,30,28,"2,406",26.7,3,1,4,3,0,0,1,1,0.11,0.04,0.15,0.11,0.15,Matches
Carlos Augusto,2021-2022,22,Monza,it ITA,2. Serie B,4th,32,31,"2,722",30.2,2,1,3,2,0,0,7,1,0.07,0.03,0.10,0.07,0.10,Matches
Carlos Augusto,2022-2023,23,Monza,it ITA,1. Serie A,11th,35,35,"3,083",34.3,6,5,11,6,0,0,4,0,0.18,0.15,0.32,0.18,0.32,Matches
Carlos Augusto,2023-2024,24,Inter,it ITA,1. Serie A,1st,37,14,"1,725",19.2,0,3,3,0,0,0,1,0,0.00,0.16,0.16,0.00,0.16,Matches
Carlos Augusto,2024-2025,25,Inter,it ITA,1. Serie A,2nd,29,15,"1,691",18.8,3,2,5,3,0,0,1,0,0.16,0.11,0.27,0.16,0.27,Matches
Carlos Augusto,2025-2026,26,Inter,it ITA,1. Serie A,1st,33,17,"1,673",18.6,1,1,2,1,0,0,6,0,0.05,0.05,0.11,0.05,0.11,Matches
Casemiro,2012-2013,20,Real Madrid B,es ESP,2. La Liga 2,8th,15,15,"1,201",13.3,1,0,1,1,0,0,7,0,0.07,0.00,0.07,0.07,0.07,Matches
Casemiro,2012-2013,20,Real Madrid,es ESP,1. La Liga,2nd,1,1,90,1.0,0,0,0,0,0,0,0,0,0.00,0.00,0.00,0.00,0.00,Matches
Casemiro,2013-2014,21,Real Madrid,es ESP,1. La Liga,3rd,12,1,290,3.2,0,0,0,0,0,0,0,0,0.00,0.00,0.00,0.00,0.00,Matches
Casemiro,2014-2015,22,Porto,pt POR,1. Primeira Liga,2nd,28,26,"2,151",23.9,3,3,6,3,0,0,13,0,0.13,0.13,0.25,0.13,0.25,Matches
Casemiro,2015-2016,23,Real Madrid,es ESP,1. La Liga,2nd,23,17,"1,529",17.0,1,3,4,1,0,0,7,0,0.06,0.18,0.24,0.06,0.24,Matches
Casemiro,2016-2017,24,Real Madrid,es ESP,1. La Liga,1st,25,20,"1,706",19.0,4,0,4,4,0,0,10,0,0.21,0.00,0.21,0.21,0.21,Matches
Casemiro,2017-2018,25,Real Madrid,es ESP,1. La Liga,3rd,30,30,"2,595",28.8,5,3,8,5,0,0,8,0,0.17,0.10,0.28,0.17,0.28,Matches
Casemiro,2018-2019,26,Real Madrid,es ESP,1. La Liga,3rd,29,27,"2,312",25.7,3,0,3,3,0,0,7,1,0.12,0.00,0.12,0.12,0.12,Matches
Casemiro,2019-2020,27,Real Madrid,es ESP,1. La Liga,1st,35,35,"3,088",34.3,4,3,7,4,0,0,12,0,0.12,0.09,0.20,0.12,0.20,Matches
Casemiro,2020-2021,28,Real Madrid,es ESP,1. La Liga,2nd,34,32,"2,901",32.2,6,4,10,6,0,0,11,1,0.19,0.12,0.31,0.19,0.31,Matches
Casemiro,2021-2022,29,Real Madrid,es ESP,1. La Liga,1st,32,31,"2,569",28.5,1,3,4,1,0,0,11,0,0.04,0.11,0.14,0.04,0.14,Matches
Casemiro,2022-2023,30,Real Madrid,es ESP,1. La Liga,2nd,1,0,8,0.1,0,0,0,0,0,0,0,0,0.00,0.00,0.00,0.00,0.00,Matches
Casemiro,2022-2023,30,Manchester Utd,eng ENG,1. Premier League,3rd,28,24,"2,124",23.6,4,3,7,4,0,0,7,2,0.17,0.13,0.30,0.17,0.30,Matches
Casemiro,2023-2024,31,Manchester Utd,eng ENG,1. Premier League,8th,25,24,"1,982",22.0,1,2,3,1,0,0,7,0,0.05,0.09,0.14,0.05,0.14,Matches
Casemiro,2024-2025,32,Manchester Utd,eng ENG,1. Premier League,15th,24,18,"1,494",16.6,1,0,1,1,0,0,5,0,0.06,0.00,0.06,0.06,0.06,Matches
Casemiro,2025-2026,33,Manchester Utd,eng ENG,1. Premier League,3rd,34,33,"2,571",28.6,9,2,11,9,0,0,11,1,0.32,0.07,0.39,0.32,0.39,Matches
Danilo,2011-2012,20,Porto,pt POR,1. Primeira Liga,1st,6,2,306,3.4,0,0,0,0,0,0,0,0,0.00,0.00,0.00,0.00,0.00,Matches
Danilo,2012-2013,21,Porto,pt POR,1. Primeira Liga,1st,28,28,"2,469",27.4,2,5,7,2,0,0,2,1,0.07,0.18,0.26,0.07,0.26,Matches
Danilo,2013-2014,22,Porto,pt POR,1. Primeira Liga,3rd,28,27,"2,394",26.6,3,4,7,3,0,1,7,1,0.11,0.15,0.26,0.11,0.26,Matches
Danilo,2014-2015,23,Porto,pt POR,1. Primeira Liga,2nd,29,29,"2,565",28.5,6,0,6,5,1,1,9,0,0.21,0.00,0.21,0.18,0.18,Matches
Danilo,2015-2016,24,Real Madrid,es ESP,1. La Liga,2nd,24,23,"2,044",22.7,2,5,7,2,0,0,6,0,0.09,0.22,0.31,0.09,0.31,Matches
Danilo,2016-2017,25,Real Madrid,es ESP,1. La Liga,1st,17,17,"1,485",16.5,1,2,3,1,0,0,2,0,0.06,0.12,0.18,0.06,0.18,Matches
Danilo,2017-2018,26,Manchester City,eng ENG,1. Premier League,1st,23,13,"1,349",15.0,3,2,5,3,0,0,2,0,0.20,0.13,0.33,0.20,0.33,Matches
Danilo,2018-2019,27,Manchester City,eng ENG,1. Premier League,1st,11,9,807,9.0,1,0,1,1,0,0,1,0,0.11,0.00,0.11,0.11,0.11,Matches
Danilo,2019-2020,28,Juventus,it ITA,1. Serie A,1st,22,16,"1,440",16.0,2,0,2,2,0,0,4,1,0.12,0.00,0.12,0.12,0.12,Matches
Danilo,2020-2021,29,Juventus,it ITA,1. Serie A,4th,34,32,"2,916",32.4,1,4,5,1,0,0,6,0,0.03,0.12,0.15,0.03,0.15,Matches
Danilo,2021-2022,30,Juventus,it ITA,1. Serie A,4th,22,22,"1,893",21.0,1,2,3,1,0,0,6,0,0.05,0.10,0.14,0.05,0.14,Matches
Danilo,2022-2023,31,Juventus,it ITA,1. Serie A,7th,37,35,"3,184",35.4,3,3,6,3,0,0,5,0,0.08,0.08,0.17,0.08,0.17,Matches
Danilo,2023-2024,32,Juventus,it ITA,1. Serie A,3rd,29,27,"2,452",27.2,1,1,2,1,0,0,7,0,0.04,0.04,0.07,0.04,0.07,Matches
Danilo,2024-2025,33,Juventus,it ITA,1. Serie A,4th,12,6,581,6.5,0,1,1,0,0,0,2,0,0.00,0.15,0.15,0.00,0.15,Matches
Danilo,2025,33,Flamengo,br BRA,1. Série A,1st,20,14,"1,410",15.7,1,1,2,1,0,0,2,1,0.06,0.06,0.13,0.06,0.13,Matches
Danilo,2026,34,Flamengo,br BRA,1. Série A,2nd,4,2,205,2.3,0,0,0,0,0,0,2,1,0.00,0.00,0.00,0.00,0.00,Matches
Danilo Santos,2020,18,Palmeiras,br BRA,1. Série A,7th,18,8,908,10.1,0,0,0,0,0,0,5,0,0.00,0.00,0.00,0.00,0.00,Matches
Danilo Santos,2021,19,Palmeiras,br BRA,1. Série A,3rd,22,18,"1,553",17.3,2,1,3,2,0,0,4,0,0.12,0.06,0.17,0.12,0.17,Matches
Danilo Santos,2022,20,Palmeiras,br BRA,1. Série A,1st,34,33,"2,743",30.5,1,2,3,1,0,0,5,1,0.03,0.07,0.10,0.03,0.10,Matches
Danilo Santos,2022-2023,21,Nottingham Forest,eng ENG,1. Premier League,16th,13,12,976,10.8,3,2,5,3,0,0,1,0,0.28,0.18,0.46,0.28,0.46,Matches
Danilo Santos,2023-2024,22,Nottingham Forest,eng ENG,1. Premier League,17th,29,20,"1,792",19.9,2,2,4,2,0,0,4,0,0.10,0.10,0.20,0.10,0.20,Matches
Danilo Santos,2024-2025,23,Nottingham Forest,eng ENG,1. Premier League,7th,8,5,275,3.1,0,0,0,0,0,0,0,0,0.00,0.00,0.00,0.00,0.00,Matches
Danilo Santos,2025,23,Botafogo (RJ),br BRA,1. Série A,6th,13,10,827,9.2,1,3,4,1,0,0,2,0,0.11,0.33,0.44,0.11,0.44,Matches
Danilo Santos,2026,24,Botafogo (RJ),br BRA,1. Série A,9th,12,12,"1,070",11.9,7,2,9,7,0,0,1,0,0.59,0.17,0.76,0.59,0.76,Matches
Douglas Santos,2013-2014,19,Udinese,it ITA,1. Serie A,13th,3,3,166,1.8,0,0,0,0,0,0,0,0,0.00,0.00,0.00,0.00,0.00,Matches
Douglas Santos,2014,19,Atlético Mineiro,br BRA,1. Série A,5th,13,9,863,9.6,1,1,2,1,0,0,1,0,0.10,0.10,0.21,0.10,0.21,Matches
Douglas Santos,2015,20,Atlético Mineiro,br BRA,1. Série A,2nd,31,31,"2,695",29.9,0,3,3,0,0,0,6,0,0.00,0.10,0.10,0.00,0.10,Matches
Douglas Santos,2016,21,Atlético Mineiro,br BRA,1. Série A,4th,10,9,855,9.5,0,2,2,0,0,0,1,0,0.00,0.21,0.21,0.00,0.21,Matches
Douglas Santos,2016-2017,22,Hamburger SV,de GER,1. Bundesliga,14th,20,19,"1,713",19.0,0,0,0,0,0,0,4,0,0.00,0.00,0.00,0.00,0.00,Matches
Douglas Santos,2017-2018,23,Hamburger SV,de GER,1. Bundesliga,17th,27,26,"2,378",26.4,1,1,2,1,0,0,6,0,0.04,0.04,0.08,0.04,0.08,Matches
Douglas Santos,2018-2019,24,Hamburger SV,de GER,2. 2. Bundesliga,4th,33,33,"2,894",32.2,1,4,5,1,0,0,3,0,0.03,0.12,0.16,0.03,0.16,Matches
Douglas Santos,2019-2020,25,Zenit,ru RUS,1. Premier League,1st,28,27,"2,451",27.2,0,3,3,0,0,0,3,0,0.00,0.11,0.11,0.00,0.11,Matches
Douglas Santos,2020-2021,26,Zenit,ru RUS,1. Premier League,1st,28,28,"2,458",27.3,3,7,10,3,0,0,2,0,0.11,0.26,0.37,0.11,0.37,Matches
Douglas Santos,2021-2022,27,Zenit,ru RUS,1. Premier League,1st,27,27,"2,283",25.4,0,2,2,0,0,0,1,0,0.00,0.08,0.08,0.00,0.08,Matches
Douglas Santos,2022-2023,28,Zenit,ru RUS,1. Premier League,1st,28,27,"2,437",27.1,0,3,3,0,0,0,2,0,0.00,0.11,0.11,0.00,0.11,Matches
Douglas Santos,2023-2024,29,Zenit,ru RUS,1. Premier League,1st,26,26,"2,219",24.7,3,3,6,3,0,0,5,0,0.12,0.12,0.24,0.12,0.24,Matches
Douglas Santos,2024-2025,30,Zenit,ru RUS,1. Russian Premier League,2nd,30,30,"2,697",30.0,0,3,3,0,0,0,1,0,0.00,0.10,0.10,0.00,0.10,Matches
Douglas Santos,2025-2026,31,Zenit,ru RUS,1. Russian Premier League,1st,23,22,"1,919",21.3,1,0,1,1,0,0,3,1,0.05,0.00,0.05,0.05,0.05,Matches
Ederson,2012-2013,18,Rio Ave,pt POR,1. Primeira Liga,6th,2,2,180,2.0,0,0,0,0,0,0,0,0,0.00,0.00,0.00,0.00,0.00,Matches
Ederson,2013-2014,19,Rio Ave,pt POR,1. Primeira Liga,11th,18,17,"1,596",17.7,0,0,0,0,0,0,5,0,0.00,0.00,0.00,0.00,0.00,Matches
Ederson,2014-2015,20,Rio Ave,pt POR,1. Primeira Liga,10th,17,17,"1,530",17.0,0,0,0,0,0,0,4,0,0.00,0.00,0.00,0.00,0.00,Matches
Ederson,2015-2016,21,Benfica,pt POR,1. Primeira Liga,1st,10,10,890,9.9,0,0,0,0,0,0,1,0,0.00,0.00,0.00,0.00,0.00,Matches
Ederson,2016-2017,22,Benfica,pt POR,1. Primeira Liga,1st,27,27,"2,381",26.5,0,0,0,0,0,0,4,1,0.00,0.00,0.00,0.00,0.00,Matches
Ederson,2017-2018,23,Manchester City,eng ENG,1. Premier League,1st,36,36,"3,194",35.5,0,0,0,0,0,0,1,0,0.00,0.00,0.00,0.00,0.00,Matches
Ederson,2018-2019,24,Manchester City,eng ENG,1. Premier League,1st,38,38,"3,420",38.0,0,1,1,0,0,0,2,0,0.00,0.03,0.03,0.00,0.03,Matches
Ederson,2019-2020,25,Manchester City,eng ENG,1. Premier League,2nd,35,35,"3,071",34.1,0,0,0,0,0,0,3,1,0.00,0.00,0.00,0.00,0.00,Matches
Ederson,2020-2021,26,Manchester City,eng ENG,1. Premier League,1st,36,36,"3,240",36.0,0,1,1,0,0,0,3,0,0.00,0.03,0.03,0.00,0.03,Matches
Ederson,2021-2022,27,Manchester City,eng ENG,1. Premier League,1st,37,37,"3,330",37.0,0,0,0,0,0,0,3,0,0.00,0.00,0.00,0.00,0.00,Matches
Ederson,2022-2023,28,Manchester City,eng ENG,1. Premier League,1st,35,35,"3,150",35.0,0,1,1,0,0,0,3,0,0.00,0.03,0.03,0.00,0.03,Matches
Ederson,2023-2024,29,Manchester City,eng ENG,1. Premier League,1st,33,33,"2,785",30.9,0,0,0,0,0,0,5,0,0.00,0.00,0.00,0.00,0.00,Matches
Ederson,2024-2025,30,Manchester City,eng ENG,1. Premier League,3rd,26,26,"2,320",25.8,0,4,4,0,0,0,4,0,0.00,0.16,0.16,0.00,0.16,Matches
Ederson,2025-2026,31,Manchester City,eng ENG,1. Premier League,2nd,0,0,,,,,,,,,,,,,,,,Matches
Ederson,2025-2026,31,Fenerbahçe,tr TUR,1. Süper Lig,2nd,24,24,"2,131",23.7,0,0,0,0,0,0,8,1,0.00,0.00,0.00,0.00,0.00,Matches
Éderson José,2018,18,Cruzeiro,br BRA,1. Série A,8th,5,2,178,2.0,0,0,0,0,0,0,1,0,0.00,0.00,0.00,0.00,0.00,Matches
Éderson José,2019,19,Cruzeiro,br BRA,1. Série A,17th,21,20,"1,645",18.3,2,0,2,2,0,0,4,0,0.11,0.00,0.11,0.11,0.11,Matches
Éderson José,2020,20,Corinthians,br BRA,1. Série A,12th,16,8,709,7.9,0,0,0,0,0,0,1,0,0.00,0.00,0.00,0.00,0.00,Matches
Éderson José,2021,21,Fortaleza,br BRA,1. Série A,4th,34,29,"2,623",29.1,1,2,3,1,0,0,6,0,0.03,0.07,0.10,0.03,0.10,Matches
Éderson José,2021-2022,22,Salernitana,it ITA,1. Serie A,17th,15,13,"1,147",12.7,2,1,3,2,0,0,5,0,0.16,0.08,0.24,0.16,0.24,Matches
Éderson José,2022-2023,23,Atalanta,it ITA,1. Serie A,5th,35,25,"2,215",24.6,1,1,2,1,0,0,4,0,0.04,0.04,0.08,0.04,0.08,Matches
Éderson José,2023-2024,24,Atalanta,it ITA,1. Serie A,4th,36,32,"2,869",31.9,6,1,7,6,0,0,8,0,0.19,0.03,0.22,0.19,0.22,Matches
Éderson José,2024-2025,25,Atalanta,it ITA,1. Serie A,3rd,37,32,"2,881",32.0,4,1,5,4,0,0,5,1,0.12,0.03,0.16,0.12,0.16,Matches
Éderson José,2025-2026,26,Atalanta,it ITA,1. Serie A,7th,30,26,"2,230",24.8,2,1,3,1,1,1,3,0,0.08,0.04,0.12,0.04,0.08,Matches
Endrick,2022,15,Palmeiras,br BRA,1. Série A,1st,7,3,307,3.4,3,0,3,3,0,0,1,0,0.88,0.00,0.88,0.88,0.88,Matches
Endrick,2023,16,Palmeiras,br BRA,1. Série A,1st,31,18,"1,558",17.3,11,0,11,11,0,1,4,0,0.64,0.00,0.64,0.64,0.64,Matches
Endrick,2024,17,Palmeiras,br BRA,1. Série A,2nd,6,6,453,5.0,0,0,0,0,0,0,3,0,0.00,0.00,0.00,0.00,0.00,Matches
Endrick,2024-2025,18,Real Madrid,es ESP,1. La Liga,2nd,22,3,363,4.0,1,0,1,1,0,0,1,0,0.25,0.00,0.25,0.25,0.25,Matches
Endrick,2025-2026,19,Real Madrid,es ESP,1. La Liga,2nd,1,0,12,0.1,0,0,0,0,0,0,0,1,0.00,0.00,0.00,0.00,0.00,Matches
Endrick,2025-2026,19,Lyon,fr FRA,1. Ligue 1,4th,16,14,"1,215",13.5,5,7,12,4,1,1,4,1,0.37,0.52,0.89,0.30,0.81,Matches
Fabinho,2012-2013,18,Real Madrid B,es ESP,2. La Liga 2,8th,30,28,"2,495",27.7,2,1,3,2,0,0,10,0,0.07,0.04,0.11,0.07,0.11,Matches
Fabinho,2012-2013,18,Real Madrid,es ESP,1. La Liga,2nd,1,0,16,0.2,0,1,1,0,0,0,0,0,0.00,5.63,5.63,0.00,5.63,Matches
Fabinho,2013-2014,19,Monaco,fr FRA,1. Ligue 1,2nd,26,21,"1,912",21.2,0,0,0,0,0,0,3,0,0.00,0.00,0.00,0.00,0.00,Matches
Fabinho,2014-2015,20,Monaco,fr FRA,1. Ligue 1,3rd,36,35,"3,168",35.2,1,0,1,1,0,0,4,0,0.03,0.00,0.03,0.03,0.03,Matches
Fabinho,2015-2016,21,Monaco,fr FRA,1. Ligue 1,3rd,34,34,"3,060",34.0,6,4,10,0,6,6,9,0,0.18,0.12,0.29,0.00,0.12,Matches
Fabinho,2016-2017,22,Monaco,fr FRA,1. Ligue 1,1st,37,33,"3,073",34.1,9,1,10,2,7,7,8,0,0.26,0.03,0.29,0.06,0.09,Matches
Fabinho,2017-2018,23,Monaco,fr FRA,1. Ligue 1,2nd,34,34,"3,060",34.0,7,3,10,3,4,4,8,0,0.21,0.09,0.29,0.09,0.18,Matches
Fabinho,2018-2019,24,Liverpool,eng ENG,1. Premier League,2nd,28,21,"2,017",22.4,1,2,3,1,0,0,6,0,0.04,0.09,0.13,0.04,0.13,Matches
Fabinho,2019-2020,25,Liverpool,eng ENG,1. Premier League,1st,28,22,"2,079",23.1,2,3,5,2,0,0,6,0,0.09,0.13,0.22,0.09,0.22,Matches
Fabinho,2020-2021,26,Liverpool,eng ENG,1. Premier League,3rd,30,28,"2,567",28.5,0,0,0,0,0,0,6,0,0.00,0.00,0.00,0.00,0.00,Matches
Fabinho,2021-2022,27,Liverpool,eng ENG,1. Premier League,2nd,29,26,"2,314",25.7,5,1,6,3,2,2,7,0,0.19,0.04,0.23,0.12,0.16,Matches
Fabinho,2022-2023,28,Liverpool,eng ENG,1. Premier League,5th,36,31,"2,671",29.7,0,2,2,0,0,0,11,0,0.00,0.07,0.07,0.00,0.07,Matches
Fabinho,2023-2024,29,Al-Ittihad,sa KSA,1. Pro League,5th,19,17,"1,562",17.4,1,1,2,1,0,1,4,1,0.06,0.06,0.12,0.06,0.12,Matches
Fabinho,2024-2025,30,Al-Ittihad,sa KSA,1. Pro League,1st,32,32,"2,865",31.8,2,1,3,2,0,1,8,0,0.06,0.03,0.09,0.06,0.09,Matches
Fabinho,2025-2026,31,Al-Ittihad,sa KSA,1. Pro League,5th,30,30,"2,640",29.3,1,3,4,0,1,1,7,2,0.03,0.10,0.14,0.00,0.10,Matches
Fabricio Bruno,2016,19,Cruzeiro,br BRA,1. Série A,12th,7,4,379,4.2,1,0,1,1,0,0,1,0,0.24,0.00,0.24,0.24,0.24,Matches
Fabricio Bruno,2017,20,Chapecoense,br BRA,1. Série A,8th,25,24,"2,165",24.1,1,0,1,1,0,0,7,0,0.04,0.00,0.04,0.04,0.04,Matches
Fabricio Bruno,2018,21,Chapecoense,br BRA,1. Série A,14th,7,7,630,7.0,0,0,0,0,0,0,0,0,0.00,0.00,0.00,0.00,0.00,Matches
Fabricio Bruno,2019,22,Cruzeiro,br BRA,1. Série A,17th,19,19,"1,710",19.0,0,0,0,0,0,0,4,0,0.00,0.00,0.00,0.00,0.00,Matches
Fabricio Bruno,2020,23,RB Bragantino,br BRA,1. Série A,10th,14,13,"1,124",12.5,1,0,1,1,0,0,3,1,0.08,0.00,0.08,0.08,0.08,Matches
Fabricio Bruno,2021,24,RB Bragantino,br BRA,1. Série A,6th,33,30,"2,775",30.8,0,1,1,0,0,0,4,0,0.00,0.03,0.03,0.00,0.03,Matches
Fabricio Bruno,2022,25,Flamengo,br BRA,1. Série A,5th,13,13,"1,170",13.0,2,1,3,2,0,0,4,0,0.15,0.08,0.23,0.15,0.23,Matches
Fabricio Bruno,2023,26,Flamengo,br BRA,1. Série A,4th,34,34,"3,060",34.0,0,1,1,0,0,0,8,0,0.00,0.03,0.03,0.00,0.03,Matches
Fabricio Bruno,2024,27,Flamengo,br BRA,1. Série A,3rd,28,26,"2,310",25.7,1,0,1,1,0,0,6,0,0.04,0.00,0.04,0.04,0.04,Matches
Fabricio Bruno,2025,28,Cruzeiro,br BRA,1. Série A,3rd,33,33,"2,950",32.8,3,0,3,3,0,0,9,1,0.09,0.00,0.09,0.09,0.09,Matches
Fabricio Bruno,2026,29,Cruzeiro,br BRA,1. Série A,13th,15,15,"1,342",14.9,0,0,0,0,0,0,4,0,0.00,0.00,0.00,0.00,0.00,Matches
Gabriel Jesus,2015,17,Palmeiras,br BRA,1. Série A,9th,20,12,"1,304",14.5,4,3,7,4,0,0,5,0,0.28,0.21,0.48,0.28,0.48,Matches
Gabriel Jesus,2016,18,Palmeiras,br BRA,1. Série A,1st,27,26,"2,316",25.7,12,6,18,12,0,0,11,0,0.47,0.23,0.70,0.47,0.70,Matches
Gabriel Jesus,2016-2017,19,Manchester City,eng ENG,1. Premier League,3rd,10,8,650,7.2,7,4,11,6,1,1,2,0,0.97,0.55,1.52,0.83,1.38,Matches
Gabriel Jesus,2017-2018,20,Manchester City,eng ENG,1. Premier League,1st,29,19,"1,668",18.5,13,3,16,13,0,2,6,0,0.70,0.16,0.86,0.70,0.86,Matches
Gabriel Jesus,2018-2019,21,Manchester City,eng ENG,1. Premier League,1st,29,8,"1,036",11.5,7,3,10,6,1,1,1,0,0.61,0.26,0.87,0.52,0.78,Matches
Gabriel Jesus,2019-2020,22,Manchester City,eng ENG,1. Premier League,2nd,34,21,"2,030",22.6,14,7,21,14,0,1,3,0,0.62,0.31,0.93,0.62,0.93,Matches
Gabriel Jesus,2020-2021,23,Manchester City,eng ENG,1. Premier League,1st,29,22,"2,063",22.9,9,4,13,9,0,0,2,0,0.39,0.17,0.57,0.39,0.57,Matches
Gabriel Jesus,2021-2022,24,Manchester City,eng ENG,1. Premier League,1st,28,21,"1,877",20.9,8,8,16,7,1,1,1,0,0.38,0.38,0.77,0.34,0.72,Matches
Gabriel Jesus,2022-2023,25,Arsenal,eng ENG,1. Premier League,2nd,26,24,"2,064",22.9,11,6,17,10,1,1,6,0,0.48,0.26,0.74,0.44,0.70,Matches
Gabriel Jesus,2023-2024,26,Arsenal,eng ENG,1. Premier League,2nd,27,17,"1,478",16.4,4,5,9,4,0,0,6,0,0.24,0.30,0.55,0.24,0.55,Matches
Gabriel Jesus,2024-2025,27,Arsenal,eng ENG,1. Premier League,2nd,17,6,608,6.8,3,0,3,3,0,0,4,0,0.44,0.00,0.44,0.44,0.44,Matches
Gabriel Jesus,2025-2026,28,Arsenal,eng ENG,1. Premier League,1st,13,2,355,3.9,2,0,2,2,0,0,2,0,0.51,0.00,0.51,0.51,0.51,Matches
Gabriel Magalhães,2016,18,Avaí,br BRA,2. Série B,2nd,21,20,"1,862",20.7,1,1,2,1,0,0,6,0,0.05,0.05,0.10,0.05,0.10,Matches
Gabriel Magalhães,2016-2017,18,Lille,fr FRA,1. Ligue 1,11th,1,0,9,0.1,0,0,0,0,0,0,0,0,0.00,0.00,0.00,0.00,0.00,Matches
Gabriel Magalhães,2017-2018,19,Troyes,fr FRA,1. Ligue 1,19th,1,0,84,0.9,0,0,0,0,0,0,1,0,0.00,0.00,0.00,0.00,0.00,Matches
Gabriel Magalhães,2017-2018,19,Dinamo Zagreb,hr CRO,1. 1. HNL,1st,1,1,90,1.0,0,0,0,0,0,0,0,0,0.00,0.00,0.00,0.00,0.00,Matches
Gabriel Magalhães,2018-2019,20,Lille,fr FRA,1. Ligue 1,2nd,14,11,"1,066",11.8,1,0,1,1,0,0,1,0,0.08,0.00,0.08,0.08,0.08,Matches
Gabriel Magalhães,2019-2020,21,Lille,fr FRA,1. Ligue 1,4th,24,23,"2,087",23.2,1,0,1,1,0,0,3,0,0.04,0.00,0.04,0.04,0.04,Matches
Gabriel Magalhães,2020-2021,22,Arsenal,eng ENG,1. Premier League,8th,23,22,"1,996",22.2,2,0,2,2,0,0,4,1,0.09,0.00,0.09,0.09,0.09,Matches
Gabriel Magalhães,2021-2022,23,Arsenal,eng ENG,Jr. PL2 — Div. 1,3rd,1,1,45,0.5,0,0,0,0,0,0,0,0,0.00,0.00,0.00,0.00,0.00,Matches
Gabriel Magalhães,2021-2022,23,Arsenal,eng ENG,1. Premier League,5th,35,35,"3,063",34.0,5,0,5,5,0,0,8,1,0.15,0.00,0.15,0.15,0.15,Matches
Gabriel Magalhães,2022-2023,24,Arsenal,eng ENG,1. Premier League,2nd,38,38,"3,409",37.9,3,0,3,3,0,0,5,0,0.08,0.00,0.08,0.08,0.08,Matches
Gabriel Magalhães,2023-2024,25,Arsenal,eng ENG,1. Premier League,2nd,36,34,"3,044",33.8,4,0,4,4,0,0,4,0,0.12,0.00,0.12,0.12,0.12,Matches
Gabriel Magalhães,2024-2025,26,Arsenal,eng ENG,1. Premier League,2nd,28,28,"2,363",26.3,3,1,4,3,0,0,4,0,0.11,0.04,0.15,0.11,0.15,Matches
Gabriel Magalhães,2025-2026,27,Arsenal,eng ENG,1. Premier League,1st,31,30,"2,706",30.1,3,4,7,3,0,0,4,0,0.10,0.13,0.23,0.10,0.23,Matches
Gabriel Martinelli,2019-2020,18,Arsenal,eng ENG,1. Premier League,8th,14,6,663,7.4,3,0,3,3,0,0,1,0,0.41,0.00,0.41,0.41,0.41,Matches
Gabriel Martinelli,2020-2021,19,Arsenal,eng ENG,1. Premier League,8th,14,7,589,6.5,2,1,3,2,0,0,0,0,0.31,0.15,0.46,0.31,0.46,Matches
Gabriel Martinelli,2021-2022,20,Arsenal,eng ENG,1. Premier League,5th,29,21,"1,860",20.7,6,6,12,5,1,1,3,1,0.29,0.29,0.58,0.24,0.53,Matches
Gabriel Martinelli,2022-2023,21,Arsenal,eng ENG,1. Premier League,2nd,36,34,"2,789",31.0,15,5,20,15,0,0,3,0,0.48,0.16,0.65,0.48,0.65,Matches
Gabriel Martinelli,2023-2024,22,Arsenal,eng ENG,1. Premier League,2nd,35,24,"2,019",22.4,6,4,10,6,0,0,1,0,0.27,0.18,0.45,0.27,0.45,Matches
Gabriel Martinelli,2024-2025,23,Arsenal,eng ENG,1. Premier League,2nd,33,25,"2,290",25.4,8,4,12,8,0,0,1,0,0.31,0.16,0.47,0.31,0.47,Matches
Gabriel Martinelli,2025-2026,24,Arsenal,eng ENG,1. Premier League,1st,29,10,991,11.0,1,3,4,1,0,0,3,0,0.09,0.27,0.36,0.09,0.36,Matches
Gabriel Sara,2017,17,São Paulo,br BRA,1. Série A,13th,1,0,8,0.1,0,0,0,0,0,0,0,0,0.00,0.00,0.00,0.00,0.00,Matches
Gabriel Sara,,,,,,,,,,,,,,,,,,,,,,,,
Gabriel Sara,2019,19,São Paulo,br BRA,1. Série A,6th,6,1,174,1.9,0,1,1,0,0,0,1,0,0.00,0.52,0.52,0.00,0.52,Matches
Gabriel Sara,2020,20,São Paulo,br BRA,1. Série A,4th,33,29,"2,280",25.3,5,4,9,5,0,0,5,0,0.20,0.16,0.36,0.20,0.36,Matches
Gabriel Sara,2021,21,São Paulo,br BRA,1. Série A,13th,29,24,"2,036",22.6,4,1,5,4,0,0,3,0,0.18,0.04,0.22,0.18,0.22,Matches
Gabriel Sara,2022,22,São Paulo,br BRA,1. Série A,9th,1,0,45,0.5,0,0,0,0,0,0,0,0,0.00,0.00,0.00,0.00,0.00,Matches
Gabriel Sara,2022-2023,23,Norwich City,eng ENG,2. Championship,13th,40,31,"2,810",31.2,7,4,11,7,0,0,3,0,0.22,0.13,0.35,0.22,0.35,Matches
Gabriel Sara,2023-2024,24,Norwich City,eng ENG,2. Championship,6th,46,46,"4,101",45.6,13,12,25,13,0,0,5,0,0.29,0.26,0.55,0.29,0.55,Matches
Gabriel Sara,2024-2025,25,Galatasaray,tr TUR,1. Süper Lig,1st,31,28,"2,352",26.1,2,8,10,2,0,0,4,0,0.08,0.31,0.38,0.08,0.38,Matches
Gabriel Sara,2025-2026,26,Galatasaray,tr TUR,1. Süper Lig,1st,27,21,"1,834",20.4,5,4,9,5,0,0,1,0,0.25,0.20,0.44,0.25,0.44,Matches
Gerson,2014,16,Fluminense,br BRA,1. Série A,6th,0,0,,,,,,,,,,,,,,,,Matches
Gerson,2015,17,Fluminense,br BRA,1. Série A,13th,29,25,"1,826",20.3,1,2,3,1,0,0,6,1,0.05,0.10,0.15,0.05,0.15,Matches
Gerson,2016,18,Fluminense,br BRA,1. Série A,13th,2,0,74,0.8,0,0,0,0,0,0,0,0,0.00,0.00,0.00,0.00,0.00,Matches
Gerson,2016-2017,19,Roma,it ITA,1. Serie A,2nd,4,2,131,1.5,0,0,0,0,0,0,1,0,0.00,0.00,0.00,0.00,0.00,Matches
Gerson,2017-2018,20,Roma,it ITA,1. Serie A,3rd,24,8,909,10.1,2,1,3,2,0,0,1,0,0.20,0.10,0.30,0.20,0.30,Matches
Gerson,2018-2019,21,Fiorentina,it ITA,1. Serie A,16th,36,27,"2,426",27.0,3,3,6,3,0,0,9,0,0.11,0.11,0.22,0.11,0.22,Matches
Gerson,2019,21,Flamengo,br BRA,1. Série A,1st,27,23,"1,999",22.2,2,3,5,2,0,0,3,0,0.09,0.14,0.23,0.09,0.23,Matches
Gerson,2020,22,Flamengo,br BRA,1. Série A,1st,34,33,"2,786",31.0,1,3,4,1,0,0,7,0,0.03,0.10,0.13,0.03,0.13,Matches
Gerson,2021,23,Flamengo,br BRA,1. Série A,2nd,4,4,360,4.0,0,0,0,0,0,0,0,0,0.00,0.00,0.00,0.00,0.00,Matches
Gerson,2021-2022,24,Marseille,fr FRA,1. Ligue 1,2nd,35,29,"2,544",28.3,9,4,13,9,0,0,3,0,0.32,0.14,0.46,0.32,0.46,Matches
Gerson,2022-2023,25,Marseille,fr FRA,1. Ligue 1,3rd,10,6,417,4.6,2,0,2,2,0,0,1,0,0.43,0.00,0.43,0.43,0.43,Matches
Gerson,2023,25,Flamengo,br BRA,1. Série A,4th,32,31,"2,687",29.9,5,8,13,5,0,0,4,1,0.17,0.27,0.44,0.17,0.44,Matches
Gerson,2024,26,Flamengo,br BRA,1. Série A,3rd,32,27,"2,457",27.3,3,6,9,3,0,0,3,0,0.11,0.22,0.33,0.11,0.33,Matches
Gerson,2025,27,Flamengo,br BRA,1. Série A,1st,9,9,711,7.9,0,2,2,0,0,0,0,1,0.00,0.25,0.25,0.00,0.25,Matches
Gerson,2025-2026,28,Zenit,ru RUS,1. Russian Premier League,1st,12,8,685,7.6,1,0,1,1,0,0,2,0,0.13,0.00,0.13,0.13,0.13,Matches
Gerson,2026,28,Cruzeiro,br BRA,1. Série A,13th,15,15,"1,167",13.0,0,1,1,0,0,0,1,0,0.00,0.08,0.08,0.00,0.08,Matches
Hugo Souza,2020,21,Flamengo,br BRA,1. Série A,1st,23,22,"2,009",22.3,0,0,0,0,0,0,0,0,0.00,0.00,0.00,0.00,0.00,Matches
Hugo Souza,2021,22,Flamengo,br BRA,1. Série A,2nd,8,7,693,7.7,0,0,0,0,0,0,0,0,0.00,0.00,0.00,0.00,0.00,Matches
Hugo Souza,2022,23,Flamengo,br BRA,1. Série A,5th,15,14,"1,286",14.3,0,0,0,0,0,0,3,0,0.00,0.00,0.00,0.00,0.00,Matches
Hugo Souza,2023,24,Flamengo,br BRA,1. Série A,4th,0,0,,,,,,,,,,,,,,,,Matches
Hugo Souza,2023-2024,24,Chaves,pt POR,1. Primeira Liga,18th,26,26,"2,340",26.0,0,0,0,0,0,0,5,0,0.00,0.00,0.00,0.00,0.00,Matches
Hugo Souza,2024,25,Corinthians,br BRA,1. Série A,7th,22,22,"1,980",22.0,0,0,0,0,0,0,3,0,0.00,0.00,0.00,0.00,0.00,Matches
Hugo Souza,2025,26,Corinthians,br BRA,1. Série A,13th,26,26,"2,340",26.0,0,0,0,0,0,0,3,0,0.00,0.00,0.00,0.00,0.00,Matches
Hugo Souza,2026,27,Corinthians,br BRA,1. Série A,17th,14,14,"1,260",14.0,0,0,0,0,0,0,2,0,0.00,0.00,0.00,0.00,0.00,Matches
Ibañez,2017,18,Fluminense,br BRA,1. Série A,14th,0,0,,,,,,,,,,,,,,,,Matches
Ibañez,2018,19,Fluminense,br BRA,1. Série A,12th,14,12,964,10.7,0,0,0,0,0,0,3,0,0.00,0.00,0.00,0.00,0.00,Matches
Ibañez,2018-2019,19,Atalanta,it ITA,1. Serie A,3rd,1,0,2,0.0,0,0,0,0,0,0,0,0,0.00,0.00,0.00,0.00,0.00,Matches
Ibañez,2019-2020,20,Atalanta,it ITA,1. Serie A,3rd,0,0,,,,,,,,,,,,,,,,Matches
Ibañez,2019-2020,20,Roma,it ITA,1. Serie A,5th,9,7,614,6.8,0,0,0,0,0,0,1,0,0.00,0.00,0.00,0.00,0.00,Matches
Ibañez,2020-2021,21,Roma,it ITA,1. Serie A,7th,30,28,"2,398",26.6,0,2,2,0,0,0,7,1,0.00,0.08,0.08,0.00,0.08,Matches
Ibañez,2021-2022,22,Roma,it ITA,1. Serie A,6th,34,32,"2,889",32.1,3,0,3,3,0,0,9,0,0.09,0.00,0.09,0.09,0.09,Matches
Ibañez,2022-2023,23,Roma,it ITA,1. Serie A,6th,33,32,"2,796",31.1,3,0,3,3,0,0,11,1,0.10,0.00,0.10,0.10,0.10,Matches
Ibañez,2023-2024,24,Al-Ahli,sa KSA,1. Pro League,3rd,30,30,"2,615",29.1,3,0,3,3,0,0,15,2,0.10,0.00,0.10,0.10,0.10,Matches
Ibañez,2024-2025,25,Al-Ahli,sa KSA,1. Pro League,5th,31,31,"2,786",31.0,5,1,6,5,0,0,8,0,0.16,0.03,0.19,0.16,0.19,Matches
Ibañez,2025-2026,26,Al-Ahli,sa KSA,1. Pro League,3rd,28,28,"2,423",26.9,2,2,4,2,0,0,5,2,0.07,0.07,0.15,0.07,0.15,Matches
Igor Jesus,2019,17,Coritiba,br BRA,2. Série B,3rd,24,6,788,8.8,3,1,4,3,0,0,4,0,0.34,0.11,0.46,0.34,0.46,Matches
Igor Jesus,2020,18,Coritiba,br BRA,1. Série A,19th,10,5,507,5.6,0,0,0,0,0,0,2,1,0.00,0.00,0.00,0.00,0.00,Matches
Igor Jesus,,,,,,,,,,,,,,,,,,,,,,,,
Igor Jesus,2024,22,Botafogo (RJ),br BRA,1. Série A,1st,22,16,"1,454",16.2,5,3,8,5,0,0,2,0,0.31,0.19,0.50,0.31,0.50,Matches
Igor Jesus,2025,23,Botafogo (RJ),br BRA,1. Série A,6th,10,10,875,9.7,3,1,4,3,0,0,0,0,0.31,0.10,0.41,0.31,0.41,Matches
Igor Jesus,2025-2026,24,Nottingham Forest,eng ENG,1. Premier League,16th,36,27,"2,208",24.5,6,4,10,5,1,1,2,0,0.24,0.16,0.41,0.20,0.37,Matches
Igor Thiago,2020,18,Cruzeiro,br BRA,2. Série B,11th,18,2,495,5.5,0,0,0,0,0,0,0,0,0.00,0.00,0.00,0.00,0.00,Matches
Igor Thiago,2021,19,Cruzeiro,br BRA,2. Série B,14th,25,15,"1,357",15.1,4,1,5,4,0,0,3,0,0.27,0.07,0.33,0.27,0.33,Matches
Igor Thiago,2021-2022,20,Ludogorets Razgrad,bg BUL,1. First League,1st,2,0,32,0.4,1,0,1,1,0,0,0,0,2.81,0.00,2.81,2.81,2.81,Matches
Igor Thiago,2022-2023,21,Ludogorets Razgrad,bg BUL,1. First League,1st,32,22,"2,047",22.7,15,0,15,15,0,0,7,0,0.66,0.00,0.66,0.66,0.66,Matches
Igor Thiago,2023-2024,22,Club Brugge,be BEL,1. Pro League A,1st,34,29,"2,525",28.1,18,3,21,12,6,7,7,1,0.64,0.11,0.75,0.43,0.53,Matches
Igor Thiago,2024-2025,23,Brentford,eng ENG,1. Premier League,10th,8,1,175,1.9,0,0,0,0,0,0,0,0,0.00,0.00,0.00,0.00,0.00,Matches
Igor Thiago,2025-2026,24,Brentford,eng ENG,1. Premier League,9th,37,36,"3,192",35.5,22,1,23,14,8,9,7,0,0.62,0.03,0.65,0.39,0.42,Matches
João Gomes,2020,18,Flamengo,br BRA,1. Série A,1st,11,4,502,5.6,0,0,0,0,0,0,4,0,0.00,0.00,0.00,0.00,0.00,Matches
João Gomes,2021,19,Flamengo,br BRA,1. Série A,2nd,19,11,"1,003",11.1,0,1,1,0,0,0,4,0,0.00,0.09,0.09,0.00,0.09,Matches
João Gomes,2022,20,Flamengo,br BRA,1. Série A,5th,29,22,"1,880",20.9,0,1,1,0,0,0,8,0,0.00,0.05,0.05,0.00,0.05,Matches
João Gomes,2022-2023,21,Wolves,eng ENG,1. Premier League,13th,11,7,653,7.3,1,0,1,1,0,0,5,0,0.14,0.00,0.14,0.14,0.14,Matches
João Gomes,2023-2024,22,Wolves,eng ENG,1. Premier League,14th,34,32,"2,649",29.4,2,1,3,2,0,0,11,0,0.07,0.03,0.10,0.07,0.10,Matches
João Gomes,2024-2025,23,Wolves,eng ENG,1. Premier League,16th,36,35,"2,974",33.0,3,1,4,3,0,0,11,1,0.09,0.03,0.12,0.09,0.12,Matches
João Gomes,2025-2026,24,Wolves,eng ENG,1. Premier League,20th,35,32,"2,829",31.4,1,1,2,1,0,0,10,0,0.03,0.03,0.06,0.03,0.06,Matches
João Pedro,2019,17,Fluminense,br BRA,1. Série A,14th,25,18,"1,694",18.8,4,1,5,4,0,0,1,0,0.21,0.05,0.27,0.21,0.27,Matches
João Pedro,2019-2020,17,Watford,eng ENG,1. Premier League,19th,3,0,25,0.3,0,0,0,0,0,0,0,0,0.00,0.00,0.00,0.00,0.00,Matches
João Pedro,2020-2021,18,Watford,eng ENG,2. Championship,2nd,38,31,"2,747",30.5,9,2,11,7,2,2,6,1,0.29,0.07,0.36,0.23,0.29,Matches
João Pedro,2021-2022,19,Watford,eng ENG,1. Premier League,19th,28,15,"1,644",18.3,3,1,4,3,0,0,1,0,0.16,0.05,0.22,0.16,0.22,Matches
João Pedro,2022-2023,20,Watford,eng ENG,2. Championship,11th,35,31,"2,787",31.0,11,4,15,10,1,1,7,0,0.36,0.13,0.48,0.32,0.45,Matches
João Pedro,2023-2024,21,Brighton,eng ENG,1. Premier League,11th,31,19,"2,045",22.7,9,3,12,5,4,5,2,0,0.40,0.13,0.53,0.22,0.35,Matches
João Pedro,2024-2025,22,Brighton,eng ENG,1. Premier League,8th,27,23,"1,948",21.6,10,6,16,5,5,5,4,1,0.46,0.28,0.74,0.23,0.51,Matches
João Pedro,2025-2026,23,Chelsea,eng ENG,1. Premier League,8th,34,30,"2,571",28.6,15,5,20,15,0,0,4,0,0.53,0.18,0.70,0.53,0.70,Matches
John,2016,19,Santos,br BRA,1. Série A,2nd,0,0,,,,,,,,,,,,,,,,Matches
John,2017,20,Santos,br BRA,1. Série A,3rd,0,0,,,,,,,,,,,,,,,,Matches
John,2018,21,Santos,br BRA,1. Série A,10th,0,0,,,,,,,,,,,,,,,,Matches
John,2019,22,Santos,br BRA,1. Série A,2nd,0,0,,,,,,,,,,,,,,,,Matches
John,2020,23,Santos,br BRA,1. Série A,8th,9,9,810,9.0,0,0,0,0,0,0,0,0,0.00,0.00,0.00,0.00,0.00,Matches
John,2021,24,Santos,br BRA,1. Série A,10th,4,4,360,4.0,0,0,0,0,0,0,0,0,0.00,0.00,0.00,0.00,0.00,Matches
John,2022,25,Santos,br BRA,1. Série A,12th,1,1,90,1.0,0,0,0,0,0,0,0,0,0.00,0.00,0.00,0.00,0.00,Matches
John,2023,26,Internacional,br BRA,1. Série A,9th,9,9,810,9.0,0,0,0,0,0,0,1,0,0.00,0.00,0.00,0.00,0.00,Matches
John,2023-2024,27,Valladolid,es ESP,2. La Liga 2,2nd,11,11,990,11.0,0,0,0,0,0,0,3,0,0.00,0.00,0.00,0.00,0.00,Matches
John,2024,27,Botafogo (RJ),br BRA,1. Série A,1st,34,34,"3,060",34.0,0,0,0,0,0,0,3,0,0.00,0.00,0.00,0.00,0.00,Matches
John,2025,28,Botafogo (RJ),br BRA,1. Série A,6th,17,17,"1,530",17.0,0,0,0,0,0,0,2,0,0.00,0.00,0.00,0.00,0.00,Matches
John,2025-2026,29,Nottingham Forest,eng ENG,1. Premier League,16th,5,5,437,4.9,0,0,0,0,0,0,1,0,0.00,0.00,0.00,0.00,0.00,Matches
Kaiki Bruno,2022,18,Cruzeiro,br BRA,2. Série B,1st,6,2,253,2.8,0,1,1,0,0,0,1,0,0.00,0.36,0.36,0.00,0.36,Matches
Kaiki Bruno,2023,19,Cruzeiro,br BRA,1. Série A,14th,8,3,228,2.5,0,0,0,0,0,0,1,0,0.00,0.00,0.00,0.00,0.00,Matches
Kaiki Bruno,2024,20,Cruzeiro,br BRA,1. Série A,9th,18,13,"1,184",13.2,1,0,1,1,0,0,4,0,0.08,0.00,0.08,0.08,0.08,Matches
Kaiki Bruno,2025,21,Cruzeiro,br BRA,1. Série A,3rd,34,34,"2,993",33.3,1,5,6,1,0,0,10,0,0.03,0.15,0.18,0.03,0.18,Matches
Kaiki Bruno,2026,22,Cruzeiro,br BRA,1. Série A,13th,14,14,"1,236",13.7,0,2,2,0,0,0,1,1,0.00,0.15,0.15,0.00,0.15,Matches
Kaio Jorge,2018,16,Santos,br BRA,1. Série A,10th,1,0,10,0.1,0,0,0,0,0,0,0,0,0.00,0.00,0.00,0.00,0.00,Matches
Kaio Jorge,2019,17,Santos,br BRA,1. Série A,2nd,3,0,25,0.3,0,0,0,0,0,0,0,0,0.00,0.00,0.00,0.00,0.00,Matches
Kaio Jorge,2020,18,Santos,br BRA,1. Série A,8th,28,23,"1,893",21.0,4,1,5,4,0,0,5,0,0.19,0.05,0.24,0.19,0.24,Matches
Kaio Jorge,2021,19,Santos,br BRA,1. Série A,10th,10,10,883,9.8,1,2,3,1,0,0,1,0,0.10,0.20,0.31,0.10,0.31,Matches
Kaio Jorge,2021-2022,19,Juventus,it ITA,1. Serie A,4th,9,0,121,1.3,0,0,0,0,0,0,0,0,0.00,0.00,0.00,0.00,0.00,Matches
Kaio Jorge,,,,,,,,,,,,,,,,,,,,,,,,
Kaio Jorge,2023-2024,21,Frosinone,it ITA,1. Serie A,18th,20,8,812,9.0,3,0,3,2,1,2,2,0,0.33,0.00,0.33,0.22,0.22,Matches
Kaio Jorge,2024,22,Cruzeiro,br BRA,1. Série A,9th,16,13,"1,163",12.9,2,2,4,2,0,1,3,0,0.15,0.15,0.31,0.15,0.31,Matches
Kaio Jorge,2025,23,Cruzeiro,br BRA,1. Série A,3rd,33,33,"2,588",28.8,21,8,29,20,1,2,4,1,0.73,0.28,1.01,0.70,0.97,Matches
Kaio Jorge,2026,24,Cruzeiro,br BRA,1. Série A,13th,11,10,822,9.1,3,0,3,1,2,2,0,0,0.33,0.00,0.33,0.11,0.11,Matches
Léo Ortiz,2017,21,Internacional,br BRA,2. Série B,2nd,13,11,"1,066",11.8,0,0,0,0,0,0,1,0,0.00,0.00,0.00,0.00,0.00,Matches
Léo Ortiz,2018,22,Sport Recife,br BRA,1. Série A,17th,6,6,540,6.0,0,0,0,0,0,0,1,0,0.00,0.00,0.00,0.00,0.00,Matches
Léo Ortiz,2019,23,Bragantino,br BRA,2. Série B,1st,30,29,"2,519",28.0,3,0,3,3,0,0,4,1,0.11,0.00,0.11,0.11,0.11,Matches
Léo Ortiz,2020,24,RB Bragantino,br BRA,1. Série A,10th,33,32,"2,900",32.2,3,0,3,3,0,0,4,0,0.09,0.00,0.09,0.09,0.09,Matches
Léo Ortiz,2021,25,RB Bragantino,br BRA,1. Série A,6th,24,23,"2,065",22.9,0,2,2,0,0,0,7,0,0.00,0.09,0.09,0.00,0.09,Matches
Léo Ortiz,2022,26,RB Bragantino,br BRA,1. Série A,14th,22,21,"1,923",21.4,1,2,3,1,0,0,4,0,0.05,0.09,0.14,0.05,0.14,Matches
Léo Ortiz,2023,27,RB Bragantino,br BRA,1. Série A,6th,20,19,"1,603",17.8,2,0,2,2,0,0,3,0,0.11,0.00,0.11,0.11,0.11,Matches
Léo Ortiz,2024,28,Flamengo,br BRA,1. Série A,3rd,25,21,"1,878",20.9,1,2,3,1,0,0,2,0,0.05,0.10,0.14,0.05,0.14,Matches
Léo Ortiz,2025,29,Flamengo,br BRA,1. Série A,1st,26,26,"2,203",24.5,1,2,3,1,0,0,4,0,0.04,0.08,0.12,0.04,0.12,Matches
Léo Ortiz,2026,30,Flamengo,br BRA,1. Série A,2nd,15,14,"1,242",13.8,1,1,2,1,0,0,0,0,0.07,0.07,0.14,0.07,0.14,Matches
Léo Pereira,2014,18,Athletico Paranaense,br BRA,1. Série A,8th,14,13,"1,212",13.5,0,0,0,0,0,0,3,0,0.00,0.00,0.00,0.00,0.00,Matches
Léo Pereira,,,,,,,,,,,,,,,,,,,,,,,,
Léo Pereira,2016,20,Athletico Paranaense,br BRA,1. Série A,6th,0,0,,,,,,,,,,,,,,,,Matches
Léo Pereira,2016,20,Náutico,br BRA,2. Série B,5th,5,2,259,2.9,0,0,0,0,0,0,1,0,0.00,0.00,0.00,0.00,0.00,Matches
Léo Pereira,2017,21,Orlando City,us USA,1. MLS,18th,10,9,805,8.9,0,0,0,0,0,0,4,0,0.00,0.00,0.00,0.00,0.00,Matches
Léo Pereira,2017,21,OCB,us USA,2. USL,19th,7,7,630,7.0,0,0,0,0,0,0,2,0,0.00,0.00,0.00,0.00,0.00,Matches
Léo Pereira,2018,22,Athletico Paranaense,br BRA,1. Série A,7th,18,17,"1,537",17.1,3,1,4,3,0,0,5,0,0.18,0.06,0.23,0.18,0.23,Matches
Léo Pereira,2019,23,Athletico Paranaense,br BRA,1. Série A,5th,29,29,"2,581",28.7,2,0,2,2,0,0,7,0,0.07,0.00,0.07,0.07,0.07,Matches
Léo Pereira,2020,24,Flamengo,br BRA,1. Série A,1st,13,11,982,10.9,1,0,1,1,0,0,1,0,0.09,0.00,0.09,0.09,0.09,Matches
Léo Pereira,2021,25,Flamengo,br BRA,1. Série A,2nd,19,19,"1,660",18.4,0,0,0,0,0,0,3,0,0.00,0.00,0.00,0.00,0.00,Matches
Léo Pereira,2022,26,Flamengo,br BRA,1. Série A,5th,13,11,"1,112",12.4,0,1,1,0,0,0,4,0,0.00,0.08,0.08,0.00,0.08,Matches
Léo Pereira,2023,27,Flamengo,br BRA,1. Série A,4th,32,32,"2,645",29.4,3,1,4,3,0,0,6,0,0.10,0.03,0.14,0.10,0.14,Matches
Léo Pereira,2024,28,Flamengo,br BRA,1. Série A,3rd,28,21,"2,023",22.5,0,0,0,0,0,0,6,0,0.00,0.00,0.00,0.00,0.00,Matches
Léo Pereira,2025,29,Flamengo,br BRA,1. Série A,1st,34,33,"2,953",32.8,4,0,4,4,0,0,6,0,0.12,0.00,0.12,0.12,0.12,Matches
Léo Pereira,2026,30,Flamengo,br BRA,1. Série A,2nd,13,13,"1,139",12.7,1,0,1,1,0,0,5,0,0.08,0.00,0.08,0.08,0.08,Matches
Lucas Paquetá,2016,18,Flamengo,br BRA,1. Série A,3rd,0,0,,,,,,,,,,,,,,,,Matches
Lucas Paquetá,2017,19,Flamengo,br BRA,1. Série A,6th,17,10,945,10.5,1,1,2,1,0,0,3,0,0.10,0.10,0.19,0.10,0.19,Matches
Lucas Paquetá,2018,20,Flamengo,br BRA,1. Série A,2nd,32,31,"2,743",30.5,10,1,11,10,0,0,9,1,0.33,0.03,0.36,0.33,0.36,Matches
Lucas Paquetá,2018-2019,20,Milan,it ITA,1. Serie A,5th,13,12,842,9.4,1,1,2,1,0,0,5,1,0.11,0.11,0.21,0.11,0.21,Matches
Lucas Paquetá,2019-2020,21,Milan,it ITA,1. Serie A,6th,24,12,"1,103",12.3,0,1,1,0,0,0,7,0,0.00,0.08,0.08,0.00,0.08,Matches
Lucas Paquetá,2020-2021,22,Milan,it ITA,1. Serie A,2nd,0,0,,,,,,,,,,,,,,,,Matches
Lucas Paquetá,2020-2021,22,Lyon,fr FRA,1. Ligue 1,4th,30,27,"2,275",25.3,9,5,14,9,0,0,6,1,0.36,0.20,0.55,0.36,0.55,Matches
Lucas Paquetá,2021-2022,23,Lyon,fr FRA,1. Ligue 1,8th,35,32,"2,699",30.0,9,6,15,8,1,1,3,0,0.30,0.20,0.50,0.27,0.47,Matches
Lucas Paquetá,2022-2023,24,Lyon,fr FRA,1. Ligue 1,7th,2,2,159,1.8,0,0,0,0,0,0,0,0,0.00,0.00,0.00,0.00,0.00,Matches
Lucas Paquetá,2022-2023,24,West Ham United,eng ENG,1. Premier League,14th,28,27,"2,151",23.9,4,3,7,3,1,1,5,0,0.17,0.13,0.29,0.13,0.25,Matches
Lucas Paquetá,2023-2024,25,West Ham United,eng ENG,1. Premier League,9th,31,31,"2,622",29.1,4,6,10,2,2,2,10,0,0.14,0.21,0.34,0.07,0.27,Matches
Lucas Paquetá,2024-2025,26,West Ham United,eng ENG,1. Premier League,14th,33,27,"2,380",26.4,4,0,4,2,2,2,10,0,0.15,0.00,0.15,0.08,0.08,Matches
Lucas Paquetá,2025-2026,27,West Ham United,eng ENG,1. Premier League,18th,18,18,"1,511",16.8,4,1,5,2,2,2,7,1,0.24,0.06,0.30,0.12,0.18,Matches
Lucas Paquetá,2026,28,Flamengo,br BRA,1. Série A,2nd,11,9,737,8.2,3,0,3,3,0,0,1,0,0.37,0.00,0.37,0.37,0.37,Matches
Luciano Juba,2020,20,Sport Recife,br BRA,1. Série A,15th,21,8,982,10.9,0,2,2,0,0,0,1,0,0.00,0.18,0.18,0.00,0.18,Matches
Luciano Juba,2021,21,Confiança,br BRA,2. Série B,19th,8,6,589,6.5,0,1,1,0,0,0,2,0,0.00,0.15,0.15,0.00,0.15,Matches
Luciano Juba,2021,21,Sport Recife,br BRA,1. Série A,19th,14,5,597,6.6,1,1,2,1,0,0,2,0,0.15,0.15,0.30,0.15,0.30,Matches
Luciano Juba,2022,22,Sport Recife,br BRA,2. Série B,7th,37,37,"3,148",35.0,5,3,8,5,0,0,5,1,0.14,0.09,0.23,0.14,0.23,Matches
Luciano Juba,2023,23,Sport Recife,br BRA,2. Série B,7th,23,23,"1,991",22.1,7,5,12,7,0,0,2,0,0.32,0.23,0.54,0.32,0.54,Matches
Luciano Juba,2023,23,Bahia,br BRA,1. Série A,16th,14,6,647,7.2,1,2,3,1,0,0,0,0,0.14,0.28,0.42,0.14,0.42,Matches
Luciano Juba,2024,24,Bahia,br BRA,1. Série A,8th,37,35,"3,114",34.6,3,1,4,3,0,0,2,0,0.09,0.03,0.12,0.09,0.12,Matches
Luciano Juba,2025,25,Bahia,br BRA,1. Série A,7th,35,33,"2,877",32.0,6,4,10,6,0,0,2,0,0.19,0.13,0.31,0.19,0.31,Matches
Luciano Juba,2026,26,Bahia,br BRA,1. Série A,7th,15,15,"1,319",14.7,7,1,8,5,2,3,2,0,0.48,0.07,0.55,0.34,0.41,Matches
Luiz Henrique,2020,19,Fluminense,br BRA,1. Série A,5th,26,13,"1,221",13.6,2,2,4,2,0,0,1,0,0.15,0.15,0.29,0.15,0.29,Matches
Luiz Henrique,2021,20,Fluminense,br BRA,1. Série A,7th,33,24,"1,873",20.8,6,2,8,6,0,0,4,0,0.29,0.10,0.38,0.29,0.38,Matches
Luiz Henrique,2022,21,Fluminense,br BRA,1. Série A,3rd,14,12,"1,054",11.7,2,3,5,2,0,0,0,0,0.17,0.26,0.43,0.17,0.43,Matches
Luiz Henrique,2022-2023,21,Real Betis,es ESP,1. La Liga,6th,33,21,"1,807",20.1,1,3,4,1,0,0,6,0,0.05,0.15,0.20,0.05,0.20,Matches
Luiz Henrique,2023-2024,22,Real Betis,es ESP,1. La Liga,7th,14,6,616,6.8,0,3,3,0,0,0,1,0,0.00,0.44,0.44,0.00,0.44,Matches
Luiz Henrique,2024,23,Botafogo (RJ),br BRA,1. Série A,1st,35,33,"2,533",28.1,7,3,10,6,1,1,3,0,0.25,0.11,0.36,0.21,0.32,Matches
Luiz Henrique,2024-2025,23,Zenit,ru RUS,1. Russian Premier League,2nd,11,11,957,10.6,2,2,4,2,0,0,2,0,0.19,0.19,0.38,0.19,0.38,Matches
Luiz Henrique,2025-2026,24,Zenit,ru RUS,1. Russian Premier League,1st,28,24,"2,023",22.5,6,3,9,6,0,1,2,0,0.27,0.13,0.40,0.27,0.40,Matches
Marquinhos,2012-2013,18,Roma,it ITA,1. Serie A,6th,26,22,"2,092",23.2,0,0,0,0,0,0,1,1,0.00,0.00,0.00,0.00,0.00,Matches
Marquinhos,2013-2014,19,Paris Saint-Germain,fr FRA,1. Ligue 1,1st,21,17,"1,654",18.4,2,0,2,2,0,0,3,0,0.11,0.00,0.11,0.11,0.11,Matches
Marquinhos,2014-2015,20,Paris Saint-Germain,fr FRA,1. Ligue 1,1st,25,21,"1,875",20.8,2,0,2,2,0,0,2,0,0.10,0.00,0.10,0.10,0.10,Matches
Marquinhos,2015-2016,21,Paris Saint-Germain,fr FRA,1. Ligue 1,1st,29,20,"1,925",21.4,1,0,1,1,0,0,1,0,0.05,0.00,0.05,0.05,0.05,Matches
Marquinhos,2016-2017,22,Paris Saint-Germain,fr FRA,1. Ligue 1,2nd,29,27,"2,501",27.8,3,0,3,3,0,0,1,0,0.11,0.00,0.11,0.11,0.11,Matches
Marquinhos,2017-2018,23,Paris Saint-Germain,fr FRA,1. Ligue 1,1st,26,25,"2,262",25.1,0,2,2,0,0,0,1,0,0.00,0.08,0.08,0.00,0.08,Matches
Marquinhos,2018-2019,24,Paris Saint-Germain,fr FRA,1. Ligue 1,1st,30,30,"2,693",29.9,3,2,5,3,0,0,2,1,0.10,0.07,0.17,0.10,0.17,Matches
Marquinhos,2019-2020,25,Paris Saint-Germain,fr FRA,1. Ligue 1,1st,19,15,"1,476",16.4,3,1,4,3,0,0,1,0,0.18,0.06,0.24,0.18,0.24,Matches
Marquinhos,2020-2021,26,Paris Saint-Germain,fr FRA,1. Ligue 1,2nd,25,24,"2,128",23.6,3,1,4,3,0,0,2,0,0.13,0.04,0.17,0.13,0.17,Matches
Marquinhos,2021-2022,27,Paris Saint-Germain,fr FRA,1. Ligue 1,1st,32,32,"2,861",31.8,5,0,5,5,0,0,5,0,0.16,0.00,0.16,0.16,0.16,Matches
Marquinhos,2022-2023,28,Paris Saint-Germain,fr FRA,1. Ligue 1,1st,33,30,"2,717",30.2,2,0,2,2,0,0,4,0,0.07,0.00,0.07,0.07,0.07,Matches
Marquinhos,2023-2024,29,Paris Saint-Germain,fr FRA,1. Ligue 1,1st,21,18,"1,537",17.1,0,1,1,0,0,0,1,0,0.00,0.06,0.06,0.00,0.06,Matches
Marquinhos,2024-2025,30,Paris Saint-Germain,fr FRA,1. Ligue 1,1st,22,19,"1,725",19.2,2,0,2,2,0,0,3,0,0.10,0.00,0.10,0.10,0.10,Matches
Marquinhos,2025-2026,31,Paris Saint-Germain,fr FRA,1. Ligue 1,1st,14,11,"1,052",11.7,0,0,0,0,0,0,0,0,0.00,0.00,0.00,0.00,0.00,Matches
Matheus Cunha,2017-2018,18,Sion,ch SUI,1. Super Lg,6th,0,0,,,,,,,,,,,,,,,,Matches
Matheus Cunha,2018-2019,19,RB Leipzig,de GER,1. Bundesliga,3rd,25,9,853,9.5,2,0,2,2,0,0,1,0,0.21,0.00,0.21,0.21,0.21,Matches
Matheus Cunha,2019-2020,20,RB Leipzig,de GER,1. Bundesliga,3rd,10,2,279,3.1,0,1,1,0,0,0,0,0,0.00,0.32,0.32,0.00,0.32,Matches
Matheus Cunha,2019-2020,20,Hertha BSC,de GER,1. Bundesliga,10th,11,9,744,8.3,6,0,6,6,0,0,3,0,0.73,0.00,0.73,0.73,0.73,Matches
Matheus Cunha,2020-2021,21,Hertha BSC,de GER,1. Bundesliga,14th,27,25,"2,149",23.9,7,4,11,5,2,3,9,0,0.29,0.17,0.46,0.21,0.38,Matches
Matheus Cunha,2021-2022,22,Hertha BSC,de GER,1. Bundesliga,16th,1,1,64,0.7,0,1,1,0,0,0,0,0,0.00,1.41,1.41,0.00,1.41,Matches
Matheus Cunha,2021-2022,22,Atlético Madrid,es ESP,1. La Liga,3rd,29,8,"1,063",11.8,6,4,10,6,0,0,3,0,0.51,0.34,0.85,0.51,0.85,Matches
Matheus Cunha,2022-2023,23,Atlético Madrid,es ESP,1. La Liga,3rd,11,2,377,4.2,0,2,2,0,0,0,2,0,0.00,0.48,0.48,0.00,0.48,Matches
Matheus Cunha,2022-2023,23,Wolves,eng ENG,1. Premier League,13th,17,12,965,10.7,2,0,2,2,0,0,1,0,0.19,0.00,0.19,0.19,0.19,Matches
Matheus Cunha,2023-2024,24,Wolves,eng ENG,1. Premier League,14th,32,29,"2,440",27.1,12,7,19,11,1,1,9,0,0.44,0.26,0.70,0.41,0.66,Matches
Matheus Cunha,2024-2025,25,Wolves,eng ENG,1. Premier League,16th,33,29,"2,597",28.9,15,6,21,15,0,0,4,0,0.52,0.21,0.73,0.52,0.73,Matches
Matheus Cunha,2025-2026,26,Manchester Utd,eng ENG,1. Premier League,3rd,33,29,"2,494",27.7,10,2,12,10,0,0,4,0,0.36,0.07,0.43,0.36,0.43,Matches
Matheus Pereira,2014-2015,18,Sporting CP,pt POR,1. Primeira Liga,3rd,0,0,,,,,,,,,,,,,,,,Matches
Matheus Pereira,2015-2016,19,Sporting CP,pt POR,1. Primeira Liga,2nd,8,1,153,1.7,0,0,0,0,0,0,0,0,0.00,0.00,0.00,0.00,0.00,Matches
Matheus Pereira,2016-2017,20,Sporting CP,pt POR,1. Primeira Liga,3rd,7,5,336,3.7,1,2,3,1,0,0,1,0,0.27,0.54,0.80,0.27,0.80,Matches
Matheus Pereira,2016-2017,20,Empoli,it ITA,1. Serie A,18th,1,0,6,0.1,0,0,0,0,0,0,0,0,0.00,0.00,0.00,0.00,0.00,Matches
Matheus Pereira,2017-2018,21,Chaves,pt POR,1. Primeira Liga,6th,27,24,"2,239",24.9,7,5,12,6,1,1,9,0,0.28,0.20,0.48,0.24,0.44,Matches
Matheus Pereira,2018-2019,22,Sporting CP,pt POR,1. Primeira Liga,3rd,0,0,,,,,,,,,,,,,,,,Matches
Matheus Pereira,2018-2019,22,Nürnberg,de GER,1. Bundesliga,18th,19,16,"1,232",13.7,3,2,5,3,0,0,3,1,0.22,0.15,0.37,0.22,0.37,Matches
Matheus Pereira,2019-2020,23,West Brom,eng ENG,2. Championship,2nd,42,38,"3,365",37.4,8,17,25,8,0,0,5,0,0.21,0.45,0.67,0.21,0.67,Matches
Matheus Pereira,2020-2021,24,West Brom,eng ENG,1. Premier League,19th,33,30,"2,577",28.6,11,6,17,7,4,4,2,1,0.38,0.21,0.59,0.24,0.45,Matches
Matheus Pereira,2021-2022,25,Al-Hilal,sa KSA,1. Pro League,1st,21,15,"1,371",15.2,2,11,13,2,0,0,8,0,0.13,0.72,0.85,0.13,0.85,Matches
Matheus Pereira,2022-2023,26,Al-Hilal,sa KSA,1. Pro League,3rd,7,4,402,4.5,0,0,0,0,0,0,0,0,0.00,0.00,0.00,0.00,0.00,Matches
Matheus Pereira,2023,26,Cruzeiro,br BRA,1. Série A,14th,15,12,"1,022",11.4,1,1,2,1,0,0,1,0,0.09,0.09,0.18,0.09,0.18,Matches
Matheus Pereira,2024,27,Cruzeiro,br BRA,1. Série A,9th,34,31,"2,823",31.4,8,7,15,8,0,0,11,1,0.26,0.22,0.48,0.26,0.48,Matches
Matheus Pereira,2025,28,Cruzeiro,br BRA,1. Série A,3rd,34,32,"2,793",31.0,7,7,14,7,0,0,7,0,0.23,0.23,0.45,0.23,0.45,Matches
Matheus Pereira,2026,29,Cruzeiro,br BRA,1. Série A,13th,14,14,"1,222",13.6,2,2,4,2,0,0,8,0,0.15,0.15,0.29,0.15,0.29,Matches
Natan,2020,18,Flamengo,br BRA,1. Série A,1st,14,12,"1,131",12.6,1,0,1,1,0,0,4,0,0.08,0.00,0.08,0.08,0.08,Matches
Natan,2021,19,RB Bragantino,br BRA,1. Série A,6th,24,19,"1,714",19.0,0,0,0,0,0,0,3,0,0.00,0.00,0.00,0.00,0.00,Matches
Natan,2022,20,RB Bragantino,br BRA,1. Série A,14th,32,32,"2,880",32.0,2,1,3,2,0,0,5,0,0.06,0.03,0.09,0.06,0.09,Matches
Natan,2023,21,RB Bragantino,br BRA,1. Série A,6th,10,9,836,9.3,0,0,0,0,0,0,1,0,0.00,0.00,0.00,0.00,0.00,Matches
Natan,2023-2024,22,Napoli,it ITA,1. Serie A,10th,14,11,952,10.6,0,0,0,0,0,0,3,1,0.00,0.00,0.00,0.00,0.00,Matches
Natan,2024-2025,23,Real Betis,es ESP,1. La Liga,6th,31,23,"2,175",24.2,1,1,2,1,0,0,5,1,0.04,0.04,0.08,0.04,0.08,Matches
Natan,2025-2026,24,Real Betis,es ESP,1. La Liga,5th,32,31,"2,729",30.3,0,0,0,0,0,0,8,0,0.00,0.00,0.00,0.00,0.00,Matches
Neymar,2013-2014,21,Barcelona,es ESP,1. La Liga,2nd,26,19,"1,734",19.3,9,8,17,8,1,1,6,0,0.47,0.42,0.88,0.42,0.83,Matches
Neymar,2014-2015,22,Barcelona,es ESP,1. La Liga,1st,33,29,"2,562",28.5,22,7,29,21,1,1,6,0,0.77,0.25,1.02,0.74,0.98,Matches
Neymar,2015-2016,23,Barcelona,es ESP,1. La Liga,1st,34,34,"3,056",34.0,24,10,34,19,5,7,6,0,0.71,0.29,1.00,0.56,0.85,Matches
Neymar,2016-2017,24,Barcelona,es ESP,1. La Liga,2nd,30,30,"2,649",29.4,13,10,23,12,1,1,7,1,0.44,0.34,0.78,0.41,0.75,Matches
Neymar,2017-2018,25,Paris Saint-Germain,fr FRA,1. Ligue 1,1st,20,20,"1,786",19.8,19,13,32,15,4,4,5,1,0.96,0.66,1.61,0.76,1.41,Matches
Neymar,2018-2019,26,Paris Saint-Germain,fr FRA,1. Ligue 1,1st,17,16,"1,439",16.0,15,7,22,10,5,5,2,0,0.94,0.44,1.38,0.63,1.06,Matches
Neymar,2019-2020,27,Paris Saint-Germain,fr FRA,1. Ligue 1,1st,15,15,"1,318",14.6,13,6,19,9,4,5,4,1,0.89,0.41,1.30,0.61,1.02,Matches
Neymar,2020-2021,28,Paris Saint-Germain,fr FRA,1. Ligue 1,2nd,18,15,"1,415",15.7,9,5,14,4,5,6,7,2,0.57,0.32,0.89,0.25,0.57,Matches
Neymar,2021-2022,29,Paris Saint-Germain,fr FRA,1. Ligue 1,1st,22,22,"1,851",20.6,13,6,19,10,3,4,10,0,0.63,0.29,0.92,0.49,0.78,Matches
Neymar,2022-2023,30,Paris Saint-Germain,fr FRA,1. Ligue 1,1st,20,18,"1,545",17.2,13,11,24,11,2,2,6,1,0.76,0.64,1.40,0.64,1.28,Matches
Neymar,2023-2024,31,Al-Hilal,sa KSA,1. Pro League,1st,3,2,207,2.3,0,2,2,0,0,1,0,0,0.00,0.87,0.87,0.00,0.87,Matches
Neymar,,,,,,,,,,,,,,,,,,,,,,,,
Neymar,2025,32,Santos,br BRA,1. Série A,12th,20,17,"1,528",17.0,8,1,9,6,2,2,8,1,0.47,0.06,0.53,0.35,0.41,Matches
Neymar,2026,33,Santos,br BRA,1. Série A,16th,8,8,683,7.6,4,2,6,3,1,1,5,0,0.53,0.26,0.79,0.40,0.66,Matches
Paulo Henrique,2020,23,Paraná,br BRA,2. Série B,18th,34,34,"3,025",33.6,1,3,4,1,0,0,8,0,0.03,0.09,0.12,0.03,0.12,Matches
Paulo Henrique,2021,24,Juventude,br BRA,1. Série A,16th,17,7,773,8.6,0,2,2,0,0,0,2,0,0.00,0.23,0.23,0.00,0.23,Matches
Paulo Henrique,2022,25,Juventude,br BRA,1. Série A,20th,26,17,"1,502",16.7,2,1,3,2,0,0,3,0,0.12,0.06,0.18,0.12,0.18,Matches
Paulo Henrique,2023,26,Vasco da Gama,br BRA,1. Série A,15th,14,10,852,9.5,1,1,2,1,0,0,3,0,0.11,0.11,0.21,0.11,0.21,Matches
Paulo Henrique,2024,27,Vasco da Gama,br BRA,1. Série A,10th,35,30,"2,516",28.0,1,0,1,1,0,0,6,0,0.04,0.00,0.04,0.04,0.04,Matches
Paulo Henrique,2025,28,Vasco da Gama,br BRA,1. Série A,14th,28,28,"2,490",27.7,1,8,9,1,0,0,11,1,0.04,0.29,0.33,0.04,0.33,Matches
Paulo Henrique,2026,29,Vasco da Gama,br BRA,1. Série A,12th,11,10,766,8.5,0,2,2,0,0,0,3,0,0.00,0.23,0.23,0.00,0.23,Matches
Pedro,2016,18,Fluminense,br BRA,1. Série A,13th,3,0,64,0.7,0,0,0,0,0,0,0,0,0.00,0.00,0.00,0.00,0.00,Matches
Pedro,2017,19,Fluminense,br BRA,1. Série A,14th,15,6,557,6.2,2,0,2,2,0,0,2,0,0.32,0.00,0.32,0.32,0.32,Matches
Pedro,2018,20,Fluminense,br BRA,1. Série A,12th,19,19,"1,595",17.7,10,2,12,10,0,0,1,0,0.56,0.11,0.68,0.56,0.68,Matches
Pedro,2019,21,Fluminense,br BRA,1. Série A,14th,10,7,628,7.0,5,0,5,3,2,2,0,0,0.72,0.00,0.72,0.43,0.43,Matches
Pedro,2019-2020,22,Fiorentina,it ITA,1. Serie A,10th,4,0,63,0.7,0,0,0,0,0,0,0,0,0.00,0.00,0.00,0.00,0.00,Matches
Pedro,2020,22,Flamengo,br BRA,1. Série A,1st,34,15,"1,591",17.7,13,2,15,13,0,2,2,0,0.74,0.11,0.85,0.74,0.85,Matches
Pedro,2021,23,Flamengo,br BRA,1. Série A,2nd,24,15,"1,414",15.7,7,5,12,7,0,0,3,0,0.45,0.32,0.76,0.45,0.76,Matches
Pedro,2022,24,Flamengo,br BRA,1. Série A,5th,24,12,"1,174",13.0,11,3,14,11,0,1,3,0,0.84,0.23,1.07,0.84,1.07,Matches
Pedro,2023,25,Flamengo,br BRA,1. Série A,4th,34,26,"2,151",23.9,13,0,13,9,4,4,1,0,0.54,0.00,0.54,0.38,0.38,Matches
Pedro,2024,26,Flamengo,br BRA,1. Série A,3rd,21,19,"1,653",18.4,11,5,16,7,4,5,3,0,0.60,0.27,0.87,0.38,0.65,Matches
Pedro,2025,27,Flamengo,br BRA,1. Série A,1st,21,13,"1,047",11.6,12,6,18,11,1,2,3,0,1.03,0.52,1.55,0.95,1.46,Matches
Pedro,2026,28,Flamengo,br BRA,1. Série A,2nd,15,14,"1,167",13.0,9,3,12,9,0,0,1,0,0.69,0.23,0.93,0.69,0.93,Matches
Raphinha,2015,18,Avaí,br BRA,1. Série A,17th,0,0,,,,,,,,,,,,,,,,Matches
Raphinha,2015-2016,18,Vitória Guimarães,pt POR,1. Primeira Liga,10th,1,0,18,0.2,0,0,0,0,0,0,0,0,0.00,0.00,0.00,0.00,0.00,Matches
Raphinha,2016-2017,19,Vitória Guimarães,pt POR,1. Primeira Liga,4th,32,18,"1,695",18.8,4,6,10,4,0,0,6,0,0.21,0.32,0.53,0.21,0.53,Matches
Raphinha,2017-2018,20,Vitória Guimarães,pt POR,1. Primeira Liga,9th,32,32,"2,785",30.9,15,4,19,13,2,3,4,0,0.48,0.13,0.61,0.42,0.55,Matches
Raphinha,2018-2019,21,Sporting CP,pt POR,1. Primeira Liga,3rd,24,16,"1,510",16.8,4,1,5,4,0,0,6,0,0.24,0.06,0.30,0.24,0.30,Matches
Raphinha,2019-2020,22,Sporting CP,pt POR,1. Primeira Liga,4th,4,4,360,4.0,2,0,2,2,0,0,1,0,0.50,0.00,0.50,0.50,0.50,Matches
Raphinha,2019-2020,22,Rennes,fr FRA,1. Ligue 1,3rd,22,20,"1,690",18.8,5,3,8,4,1,1,4,0,0.27,0.16,0.43,0.21,0.37,Matches
Raphinha,2020-2021,23,Rennes,fr FRA,1. Ligue 1,6th,6,5,404,4.5,1,2,3,1,0,0,0,0,0.22,0.45,0.67,0.22,0.67,Matches
Raphinha,2020-2021,23,Leeds United,eng ENG,Jr. PL2 — Div. 2,1st,1,1,90,1.0,1,0,1,1,0,0,1,0,1.00,0.00,1.00,1.00,1.00,Matches
Raphinha,2020-2021,23,Leeds United,eng ENG,1. Premier League,9th,30,26,"2,360",26.2,6,9,15,6,0,0,3,0,0.23,0.34,0.57,0.23,0.57,Matches
Raphinha,2021-2022,24,Leeds United,eng ENG,1. Premier League,17th,35,34,"2,915",32.4,11,3,14,7,4,4,7,0,0.34,0.09,0.43,0.22,0.31,Matches
Raphinha,2022-2023,25,Barcelona,es ESP,1. La Liga,1st,36,25,"2,072",23.0,7,7,14,7,0,0,9,0,0.30,0.30,0.61,0.30,0.61,Matches
Raphinha,2023-2024,26,Barcelona,es ESP,1. La Liga,2nd,28,17,"1,368",15.2,6,9,15,5,1,1,4,1,0.39,0.59,0.99,0.33,0.92,Matches
Raphinha,2024-2025,27,Barcelona,es ESP,1. La Liga,1st,36,32,"2,839",31.5,18,9,27,16,2,2,4,0,0.57,0.29,0.86,0.51,0.79,Matches
Raphinha,2025-2026,28,Barcelona,es ESP,1. La Liga,1st,22,18,"1,380",15.3,13,3,16,10,3,3,5,0,0.85,0.20,1.04,0.65,0.85,Matches
Rayan,2023,16,Vasco da Gama,br BRA,1. Série A,15th,6,3,265,2.9,1,0,1,1,0,0,2,0,0.34,0.00,0.34,0.34,0.34,Matches
Rayan,2024,17,Vasco da Gama,br BRA,1. Série A,10th,24,7,855,9.5,1,0,1,1,0,0,2,0,0.11,0.00,0.11,0.11,0.11,Matches
Rayan,2025,18,Vasco da Gama,br BRA,1. Série A,14th,34,32,"2,835",31.5,14,1,15,12,2,2,4,0,0.44,0.03,0.48,0.38,0.41,Matches
Rayan,2025-2026,18,Bournemouth,eng ENG,1. Premier League,6th,14,12,"1,039",11.5,5,2,7,5,0,0,1,0,0.43,0.17,0.61,0.43,0.61,Matches
Richarlison,2016,18,Fluminense,br BRA,1. Série A,13th,28,18,"1,505",16.7,4,1,5,3,1,2,2,0,0.24,0.06,0.30,0.18,0.24,Matches
Richarlison,2017,19,Fluminense,br BRA,1. Série A,14th,14,14,"1,227",13.6,5,1,6,4,1,1,4,0,0.37,0.07,0.44,0.29,0.37,Matches
Richarlison,2017-2018,20,Watford,eng ENG,1. Premier League,14th,38,32,"2,823",31.4,5,4,9,5,0,0,4,0,0.16,0.13,0.29,0.16,0.29,Matches
Richarlison,2018-2019,21,Everton,eng ENG,1. Premier League,8th,35,32,"2,665",29.6,13,1,14,13,0,0,5,1,0.44,0.03,0.47,0.44,0.47,Matches
Richarlison,2019-2020,22,Everton,eng ENG,1. Premier League,12th,36,36,"3,070",34.1,13,3,16,13,0,0,8,0,0.38,0.09,0.47,0.38,0.47,Matches
Richarlison,2020-2021,23,Everton,eng ENG,1. Premier League,10th,34,33,"2,861",31.8,7,3,10,6,1,1,4,1,0.22,0.09,0.31,0.19,0.28,Matches
Richarlison,2021-2022,24,Everton,eng ENG,1. Premier League,16th,30,28,"2,523",28.0,10,5,15,7,3,3,9,0,0.36,0.18,0.54,0.25,0.43,Matches
Richarlison,2022-2023,25,Tottenham Hotspur,eng ENG,1. Premier League,8th,27,12,"1,010",11.2,1,3,4,1,0,0,3,0,0.09,0.27,0.36,0.09,0.36,Matches
Richarlison,2023-2024,26,Tottenham Hotspur,eng ENG,1. Premier League,5th,28,18,"1,491",16.6,11,4,15,11,0,0,3,0,0.66,0.24,0.91,0.66,0.91,Matches
Richarlison,2024-2025,27,Tottenham Hotspur,eng ENG,1. Premier League,17th,15,4,504,5.6,4,1,5,4,0,0,2,0,0.71,0.18,0.89,0.71,0.89,Matches
Richarlison,2025-2026,28,Tottenham Hotspur,eng ENG,1. Premier League,17th,31,19,"1,892",21.0,11,4,15,11,0,0,5,0,0.52,0.19,0.71,0.52,0.71,Matches
Samuel Lino,2019-2020,19,Gil Vicente FC,pt POR,1. Primeira Liga,10th,20,5,683,7.6,2,0,2,2,0,0,1,0,0.26,0.00,0.26,0.26,0.26,Matches
Samuel Lino,2020-2021,20,Gil Vicente FC,pt POR,1. Primeira Liga,11th,33,21,"2,012",22.4,9,0,9,6,3,4,2,0,0.40,0.00,0.40,0.27,0.27,Matches
Samuel Lino,2021-2022,21,Gil Vicente FC,pt POR,1. Primeira Liga,5th,34,34,"2,958",32.9,12,5,17,11,1,3,4,0,0.37,0.15,0.52,0.33,0.49,Matches
Samuel Lino,2022-2023,22,Valencia,es ESP,1. La Liga,16th,38,33,"2,887",32.1,6,1,7,6,0,0,4,0,0.19,0.03,0.22,0.19,0.22,Matches
Samuel Lino,2023-2024,23,Atlético Madrid,es ESP,1. La Liga,4th,34,25,"2,080",23.1,4,5,9,4,0,0,1,0,0.17,0.22,0.39,0.17,0.39,Matches
Samuel Lino,2024-2025,24,Atlético Madrid,es ESP,1. La Liga,3rd,31,21,"1,552",17.2,3,4,7,3,0,0,3,0,0.17,0.23,0.41,0.17,0.41,Matches
Samuel Lino,2025,25,Flamengo,br BRA,1. Série A,1st,21,19,"1,394",15.5,4,5,9,4,0,0,1,0,0.26,0.32,0.58,0.26,0.58,Matches
Samuel Lino,2026,26,Flamengo,br BRA,1. Série A,2nd,15,11,863,9.6,2,5,7,2,0,0,2,0,0.21,0.52,0.73,0.21,0.73,Matches
Thiago Silva,2009-2010,24,Milan,it ITA,1. Serie A,3rd,33,33,"2,919",32.4,2,0,2,2,0,0,3,0,0.06,0.00,0.06,0.06,0.06,Matches
Thiago Silva,2010-2011,25,Milan,it ITA,1. Serie A,1st,33,33,"2,896",32.2,1,1,2,1,0,0,1,0,0.03,0.03,0.06,0.03,0.06,Matches
Thiago Silva,2011-2012,26,Milan,it ITA,1. Serie A,2nd,27,27,"2,293",25.5,2,0,2,2,0,0,2,0,0.08,0.00,0.08,0.08,0.08,Matches
Thiago Silva,2012-2013,27,Paris Saint-Germain,fr FRA,1. Ligue 1,1st,22,22,"1,899",21.1,0,0,0,0,0,0,2,1,0.00,0.00,0.00,0.00,0.00,Matches
Thiago Silva,2013-2014,28,Paris Saint-Germain,fr FRA,1. Ligue 1,1st,28,28,"2,382",26.5,3,0,3,3,0,0,1,0,0.11,0.00,0.11,0.11,0.11,Matches
Thiago Silva,2014-2015,29,Paris Saint-Germain,fr FRA,1. Ligue 1,1st,26,26,"2,308",25.6,1,0,1,1,0,0,1,0,0.04,0.00,0.04,0.04,0.04,Matches
Thiago Silva,2015-2016,30,Paris Saint-Germain,fr FRA,1. Ligue 1,1st,30,29,"2,622",29.1,1,1,2,1,0,0,3,0,0.03,0.03,0.07,0.03,0.07,Matches
Thiago Silva,2016-2017,31,Paris Saint-Germain,fr FRA,1. Ligue 1,2nd,27,27,"2,385",26.5,3,1,4,3,0,0,1,0,0.11,0.04,0.15,0.11,0.15,Matches
Thiago Silva,2017-2018,32,Paris Saint-Germain,fr FRA,1. Ligue 1,1st,25,24,"2,115",23.5,1,0,1,1,0,0,5,0,0.04,0.00,0.04,0.04,0.04,Matches
Thiago Silva,2018-2019,33,Paris Saint-Germain,fr FRA,1. Ligue 1,1st,25,24,"2,077",23.1,0,1,1,0,0,0,4,0,0.00,0.04,0.04,0.00,0.04,Matches
Thiago Silva,2019-2020,34,Paris Saint-Germain,fr FRA,1. Ligue 1,1st,21,20,"1,571",17.5,0,0,0,0,0,0,1,0,0.00,0.00,0.00,0.00,0.00,Matches
Thiago Silva,2020-2021,35,Chelsea,eng ENG,1. Premier League,4th,23,23,"1,935",21.5,2,0,2,2,0,0,5,1,0.09,0.00,0.09,0.09,0.09,Matches
Thiago Silva,2021-2022,36,Chelsea,eng ENG,1. Premier League,3rd,32,28,"2,650",29.4,3,0,3,3,0,0,2,0,0.10,0.00,0.10,0.10,0.10,Matches
Thiago Silva,2022-2023,37,Chelsea,eng ENG,1. Premier League,12th,27,26,"2,352",26.1,0,2,2,0,0,0,2,0,0.00,0.08,0.08,0.00,0.08,Matches
Thiago Silva,2023-2024,38,Chelsea,eng ENG,1. Premier League,6th,31,28,"2,527",28.1,3,1,4,3,0,0,4,0,0.11,0.04,0.14,0.11,0.14,Matches
Thiago Silva,2024,39,Fluminense,br BRA,1. Série A,13th,15,15,"1,350",15.0,0,0,0,0,0,0,2,0,0.00,0.00,0.00,0.00,0.00,Matches
Thiago Silva,2025,40,Fluminense,br BRA,1. Série A,5th,25,24,"2,157",24.0,2,0,2,2,0,0,1,0,0.08,0.00,0.08,0.08,0.08,Matches
Thiago Silva,2025-2026,40,Porto,pt POR,1. Primeira Liga,1st,8,6,577,6.4,0,0,0,0,0,0,0,0,0.00,0.00,0.00,0.00,0.00,Matches
Vini Jr,2017,16,Flamengo,br BRA,1. Série A,6th,25,4,720,8.0,3,1,4,3,0,0,3,0,0.37,0.12,0.50,0.37,0.50,Matches
Vini Jr,2018,17,Flamengo,br BRA,1. Série A,2nd,12,11,973,10.8,4,3,7,4,0,0,3,0,0.37,0.28,0.65,0.37,0.65,Matches
Vini Jr,2018-2019,18,Real Madrid,es ESP,1. La Liga,3rd,18,9,869,9.7,2,0,2,2,0,0,0,0,0.21,0.00,0.21,0.21,0.21,Matches
Vini Jr,2019-2020,19,Real Madrid,es ESP,1. La Liga,1st,29,12,"1,364",15.2,3,1,4,3,0,0,4,0,0.20,0.07,0.26,0.20,0.26,Matches
Vini Jr,2020-2021,20,Real Madrid,es ESP,1. La Liga,2nd,35,22,"1,969",21.9,3,3,6,3,0,0,3,0,0.14,0.14,0.27,0.14,0.27,Matches
Vini Jr,2021-2022,21,Real Madrid,es ESP,1. La Liga,1st,35,30,"2,690",29.9,17,10,27,17,0,0,6,0,0.57,0.33,0.90,0.57,0.90,Matches
Vini Jr,2022-2023,22,Real Madrid,es ESP,1. La Liga,2nd,33,32,"2,823",31.4,10,9,19,10,0,0,10,1,0.32,0.29,0.61,0.32,0.61,Matches
Vini Jr,2023-2024,23,Real Madrid,es ESP,1. La Liga,1st,26,22,"1,864",20.7,15,5,20,14,1,1,7,0,0.72,0.24,0.97,0.68,0.92,Matches
Vini Jr,2024-2025,24,Real Madrid,es ESP,1. La Liga,2nd,30,24,"2,253",25.0,11,8,19,9,2,3,8,1,0.44,0.32,0.76,0.36,0.68,Matches
Vini Jr,2025-2026,25,Real Madrid,es ESP,1. La Liga,2nd,36,32,"2,815",31.3,16,5,21,12,4,5,8,0,0.51,0.16,0.67,0.38,0.54,Matches
Vitinho,2017,17,Cruzeiro,br BRA,1. Série A,5th,0,0,,,,,,,,,,,,,,,,Matches
Vitinho,2018,18,Cruzeiro,br BRA,1. Série A,8th,1,0,23,0.3,0,0,0,0,0,0,0,0,0.00,0.00,0.00,0.00,0.00,Matches
Vitinho,2018-2019,19,Cercle Brugge,be BEL,1. First Division A,15th,9,6,499,5.5,0,0,0,0,0,0,2,0,0.00,0.00,0.00,0.00,0.00,Matches
Vitinho,2019-2020,20,Cercle Brugge,be BEL,1. First Division A,14th,0,0,,,,,,,,,,,,,,,,Matches
Vitinho,2020-2021,21,Cercle Brugge,be BEL,1. First Division A,16th,28,21,"1,912",21.2,1,2,3,1,0,0,2,0,0.05,0.09,0.14,0.05,0.14,Matches
Vitinho,2021-2022,22,Cercle Brugge,be BEL,1. First Division A,10th,32,21,"2,053",22.8,1,1,2,1,0,0,3,0,0.04,0.04,0.09,0.04,0.09,Matches
Vitinho,2022-2023,23,Burnley,eng ENG,2. Championship,1st,35,23,"2,097",23.3,3,1,4,3,0,0,1,0,0.13,0.04,0.17,0.13,0.17,Matches
Vitinho,2023-2024,24,Burnley,eng ENG,1. Premier League,19th,32,26,"2,314",25.7,0,2,2,0,0,0,1,0,0.00,0.08,0.08,0.00,0.08,Matches
Vitinho,2024,24,Botafogo (RJ),br BRA,1. Série A,1st,11,11,770,8.6,0,0,0,0,0,0,0,0,0.00,0.00,0.00,0.00,0.00,Matches
Vitinho,2024-2025,25,Burnley,eng ENG,2. Championship,2nd,3,3,235,2.6,1,1,2,1,0,0,0,0,0.38,0.38,0.77,0.38,0.77,Matches
Vitinho,2025,25,Botafogo (RJ),br BRA,1. Série A,6th,36,34,"2,831",31.5,1,2,3,1,0,0,3,0,0.03,0.06,0.10,0.03,0.10,Matches
Vitinho,2026,26,Botafogo (RJ),br BRA,1. Série A,9th,14,12,"1,068",11.9,0,2,2,0,0,0,3,0,0.00,0.17,0.17,0.00,0.17,Matches
Vitor Reis,2024,18,Palmeiras,br BRA,1. Série A,2nd,18,16,"1,458",16.2,1,0,1,1,0,0,3,0,0.06,0.00,0.06,0.06,0.06,Matches
Vitor Reis,2024-2025,18,Manchester City,eng ENG,1. Premier League,3rd,1,0,1,0.0,0,0,0,0,0,0,0,0,0.00,0.00,0.00,0.00,0.00,Matches
Vitor Reis,2025-2026,19,Girona,es ESP,1. La Liga,18th,35,34,"3,048",33.9,1,1,2,1,0,0,8,1,0.03,0.03,0.06,0.03,0.06,Matches
Wesley,2021,17,Flamengo,br BRA,1. Série A,2nd,1,1,90,1.0,0,0,0,0,0,0,0,0,0.00,0.00,0.00,0.00,0.00,Matches
Wesley,2022,18,Flamengo,br BRA,1. Série A,5th,0,0,,,,,,,,,,,,,,,,Matches
Wesley,2023,19,Flamengo,br BRA,1. Série A,4th,35,27,"2,514",27.9,1,1,2,1,0,0,3,0,0.04,0.04,0.07,0.04,0.07,Matches
Wesley,2024,20,Flamengo,br BRA,1. Série A,3rd,31,25,"2,344",26.0,0,2,2,0,0,0,1,0,0.00,0.08,0.08,0.00,0.08,Matches
Wesley,2025,21,Flamengo,br BRA,1. Série A,1st,11,11,982,10.9,1,2,3,1,0,0,4,0,0.09,0.18,0.27,0.09,0.27,Matches
Wesley,2025-2026,21,Roma,it ITA,1. Serie A,4th,30,28,"2,448",27.2,5,0,5,5,0,0,7,2,0.18,0.00,0.18,0.18,0.18,Matches
Weverton,2014,26,Athletico Paranaense,br BRA,1. Série A,8th,35,35,"3,150",35.0,0,0,0,0,0,0,4,0,0.00,0.00,0.00,0.00,0.00,Matches
Weverton,2015,27,Athletico Paranaense,br BRA,1. Série A,10th,36,36,"3,240",36.0,0,0,0,0,0,0,6,0,0.00,0.00,0.00,0.00,0.00,Matches
Weverton,2016,28,Athletico Paranaense,br BRA,1. Série A,6th,30,30,"2,700",30.0,0,0,0,0,0,0,5,0,0.00,0.00,0.00,0.00,0.00,Matches
Weverton,2017,29,Athletico Paranaense,br BRA,1. Série A,11th,34,34,"3,060",34.0,0,0,0,0,0,0,1,0,0.00,0.00,0.00,0.00,0.00,Matches
Weverton,2018,30,Palmeiras,br BRA,1. Série A,1st,23,23,"2,025",22.5,0,0,0,0,0,0,1,0,0.00,0.00,0.00,0.00,0.00,Matches
Weverton,2019,31,Palmeiras,br BRA,1. Série A,3rd,31,31,"2,790",31.0,0,0,0,0,0,0,4,0,0.00,0.00,0.00,0.00,0.00,Matches
Weverton,2020,32,Palmeiras,br BRA,1. Série A,7th,30,30,"2,700",30.0,0,0,0,0,0,0,0,0,0.00,0.00,0.00,0.00,0.00,Matches
Weverton,2021,33,Palmeiras,br BRA,1. Série A,3rd,21,21,"1,868",20.8,0,0,0,0,0,0,2,0,0.00,0.00,0.00,0.00,0.00,Matches
Weverton,2022,34,Palmeiras,br BRA,1. Série A,1st,34,34,"3,060",34.0,0,0,0,0,0,0,0,0,0.00,0.00,0.00,0.00,0.00,Matches
Weverton,2023,35,Palmeiras,br BRA,1. Série A,1st,35,35,"3,150",35.0,0,0,0,0,0,0,2,0,0.00,0.00,0.00,0.00,0.00,Matches
Weverton,2024,36,Palmeiras,br BRA,1. Série A,2nd,37,37,"3,330",37.0,0,1,1,0,0,0,2,0,0.00,0.03,0.03,0.00,0.03,Matches
Weverton,2025,37,Palmeiras,br BRA,1. Série A,2nd,26,26,"2,340",26.0,0,0,0,0,0,0,2,0,0.00,0.00,0.00,0.00,0.00,Matches
Weverton,2026,38,Grêmio,br BRA,1. Série A,15th,16,16,"1,440",16.0,0,1,1,0,0,0,1,0,0.00,0.06,0.06,0.00,0.06,Matches
